Added Component: Designator=BMP-1(FP-BMP280-MFG)
Add component (AddParameter): Name = "Case/Package"; Value = "SMD/SMT"; VariantName = "[No Variations]"
Add component (AddParameter): Name = "Lead Free"; Value = "Lead Free"; VariantName = "[No Variations]"
Add component (AddParameter): Name = "Max Operating Temperature"; Value = "85°C"; VariantName = "[No Variations]"
Add component (AddParameter): Name = "Max Pressure"; Value = "290.08PSI"; VariantName = "[No Variations]"
Add component (AddParameter): Name = "Min Operating Temperature"; Value = "-40°C"; VariantName = "[No Variations]"
Add component (AddParameter): Name = "Number of Pins"; Value = "8"; VariantName = "[No Variations]"
Add component (AddParameter): Name = "Operating Pressure"; Value = "15.95PSI"; VariantName = "[No Variations]"
Add component (AddParameter): Name = "Output Type"; Value = "SPI"; VariantName = "[No Variations]"
Add component (AddParameter): Name = "Port Style"; Value = "No Port"; VariantName = "[No Variations]"
Add component (AddParameter): Name = "Pressure Type"; Value = "Absolute"; VariantName = "[No Variations]"
Add component (AddParameter): Name = "Termination"; Value = "SMD/SMT"; VariantName = "[No Variations]"
Added Component: Designator=C1(FP-GRM188-0_2-MFG)
Add component (AddParameter): Name = "Capacitance"; Value = "4.7uF"; VariantName = "[No Variations]"
Add component (AddParameter): Name = "Case Code (Imperial)"; Value = "0603"; VariantName = "[No Variations]"
Add component (AddParameter): Name = "Case Code (Metric)"; Value = "1608"; VariantName = "[No Variations]"
Add component (AddParameter): Name = "Case/Package"; Value = "0603"; VariantName = "[No Variations]"
Add component (AddParameter): Name = "Dielectric"; Value = "X5R"; VariantName = "[No Variations]"
Add component (AddParameter): Name = "Height"; Value = "0.8mm"; VariantName = "[No Variations]"
Add component (AddParameter): Name = "Length"; Value = "0.063inch"; VariantName = "[No Variations]"
Add component (AddParameter): Name = "Max Operating Temperature"; Value = "85°C"; VariantName = "[No Variations]"
Add component (AddParameter): Name = "Min Operating Temperature"; Value = "-55°C"; VariantName = "[No Variations]"
Add component (AddParameter): Name = "Mount"; Value = "Surface Mount"; VariantName = "[No Variations]"
Add component (AddParameter): Name = "Package Quantity"; Value = "4000"; VariantName = "[No Variations]"
Add component (AddParameter): Name = "Packaging"; Value = "Tape and Reel"; VariantName = "[No Variations]"
Add component (AddParameter): Name = "Resistor Type"; Value = "Ceramic"; VariantName = "[No Variations]"
Add component (AddParameter): Name = "Termination"; Value = "SMD/SMT"; VariantName = "[No Variations]"
Add component (AddParameter): Name = "Thickness"; Value = "0.039inch"; VariantName = "[No Variations]"
Add component (AddParameter): Name = "Tolerance"; Value = "20%"; VariantName = "[No Variations]"
Add component (AddParameter): Name = "Voltage Rating"; Value = "35V"; VariantName = "[No Variations]"
Add component (AddParameter): Name = "Voltage Rating (DC)"; Value = "35V"; VariantName = "[No Variations]"
Add component (AddParameter): Name = "Weight"; Value = "0.000222oz"; VariantName = "[No Variations]"
Add component (AddParameter): Name = "Width"; Value = "0.8mm"; VariantName = "[No Variations]"
Added Component: Designator=C2(FP-GRM18-0_15-MFG)
Add component (AddParameter): Name = "Automotive"; Value = "No"; VariantName = "[No Variations]"
Add component (AddParameter): Name = "Capacitance"; Value = "10uF"; VariantName = "[No Variations]"
Add component (AddParameter): Name = "Category"; Value = "Cap"; VariantName = "[No Variations]"
Add component (AddParameter): Name = "ComponentLink2Description"; Value = "Datasheet"; VariantName = "[No Variations]"
Add component (AddParameter): Name = "ComponentLink2URL"; Value = "https://search.murata.co.jp/Ceramy/image/img/A01X/G101/ENG/GRM188R61A106KE69-01A.pdf"; VariantName = "[No Variations]"
Add component (AddParameter): Name = "Device Class L1"; Value = "Passive Components"; VariantName = "[No Variations]"
Add component (AddParameter): Name = "Device Class L2"; Value = "Capacitors"; VariantName = "[No Variations]"
Add component (AddParameter): Name = "Device Class L3"; Value = "Ceramic Capacitors"; VariantName = "[No Variations]"
Add component (AddParameter): Name = "Digikey Description"; Value = "CAP CER 10UF 10V X5R 0603"; VariantName = "[No Variations]"
Add component (AddParameter): Name = "Height"; Value = "0.95mm"; VariantName = "[No Variations]"
Add component (AddParameter): Name = "Lead Free"; Value = "Yes"; VariantName = "[No Variations]"
Add component (AddParameter): Name = "Manufacturer"; Value = "Murata"; VariantName = "[No Variations]"
Add component (AddParameter): Name = "Manufacturer Part Number"; Value = "GRM188R61A106KE69D"; VariantName = "[No Variations]"
Add component (AddParameter): Name = "Material"; Value = "Ceramic"; VariantName = "[No Variations]"
Add component (AddParameter): Name = "Mouser Description"; Value = "Multilayer Ceramic Capacitors MLCC - SMD/SMT 0603 10uF 10volts X5R + - 10%"; VariantName = "[No Variations]"
Add component (AddParameter): Name = "Octopart"; Value = "https://octopart.com/grm188r61a106ke69d-murata-22851381"; VariantName = "[No Variations]"
Add component (AddParameter): Name = "Package"; Value = "GRM18-0.15"; VariantName = "[No Variations]"
Add component (AddParameter): Name = "RoHS"; Value = "TRUE"; VariantName = "[No Variations]"
Add component (AddParameter): Name = "Temperature"; Value = "-55°C to +85°C"; VariantName = "[No Variations]"
Add component (AddParameter): Name = "Temperature Characteristic"; Value = "X5R"; VariantName = "[No Variations]"
Add component (AddParameter): Name = "Temperature Coefficient"; Value = "15%"; VariantName = "[No Variations]"
Add component (AddParameter): Name = "Temperature Range High"; Value = "+85°C"; VariantName = "[No Variations]"
Add component (AddParameter): Name = "Temperature Range Low"; Value = "-55°C"; VariantName = "[No Variations]"
Add component (AddParameter): Name = "Tolerance"; Value = "10%"; VariantName = "[No Variations]"
Add component (AddParameter): Name = "Value"; Value = "10uF"; VariantName = "[No Variations]"
Add component (AddParameter): Name = "Voltage Rating"; Value = "10V"; VariantName = "[No Variations]"
Added Component: Designator=C3(CAPC1608X73X35LL10T15)
Add component (AddParameter): Name = "Manufacturer"; Value = "AVX Interconnect / Elco"; VariantName = "[No Variations]"
Add component (AddParameter): Name = "Part Number"; Value = "06035J6R8BBSTR"; VariantName = "[No Variations]"
Added Component: Designator=C4(FP-GRM188-0_2-MFG)
Add component (AddParameter): Name = "Capacitance"; Value = "4.7uF"; VariantName = "[No Variations]"
Add component (AddParameter): Name = "Case Code (Imperial)"; Value = "0603"; VariantName = "[No Variations]"
Add component (AddParameter): Name = "Case Code (Metric)"; Value = "1608"; VariantName = "[No Variations]"
Add component (AddParameter): Name = "Case/Package"; Value = "0603"; VariantName = "[No Variations]"
Add component (AddParameter): Name = "Dielectric"; Value = "X5R"; VariantName = "[No Variations]"
Add component (AddParameter): Name = "Height"; Value = "0.8mm"; VariantName = "[No Variations]"
Add component (AddParameter): Name = "Length"; Value = "0.063inch"; VariantName = "[No Variations]"
Add component (AddParameter): Name = "Max Operating Temperature"; Value = "85°C"; VariantName = "[No Variations]"
Add component (AddParameter): Name = "Min Operating Temperature"; Value = "-55°C"; VariantName = "[No Variations]"
Add component (AddParameter): Name = "Mount"; Value = "Surface Mount"; VariantName = "[No Variations]"
Add component (AddParameter): Name = "Package Quantity"; Value = "4000"; VariantName = "[No Variations]"
Add component (AddParameter): Name = "Packaging"; Value = "Tape and Reel"; VariantName = "[No Variations]"
Add component (AddParameter): Name = "Resistor Type"; Value = "Ceramic"; VariantName = "[No Variations]"
Add component (AddParameter): Name = "Termination"; Value = "SMD/SMT"; VariantName = "[No Variations]"
Add component (AddParameter): Name = "Thickness"; Value = "0.039inch"; VariantName = "[No Variations]"
Add component (AddParameter): Name = "Tolerance"; Value = "20%"; VariantName = "[No Variations]"
Add component (AddParameter): Name = "Voltage Rating"; Value = "35V"; VariantName = "[No Variations]"
Add component (AddParameter): Name = "Voltage Rating (DC)"; Value = "35V"; VariantName = "[No Variations]"
Add component (AddParameter): Name = "Weight"; Value = "0.000222oz"; VariantName = "[No Variations]"
Add component (AddParameter): Name = "Width"; Value = "0.8mm"; VariantName = "[No Variations]"
Added Component: Designator=C5(FP-GRM18-0_15-MFG)
Add component (AddParameter): Name = "Automotive"; Value = "No"; VariantName = "[No Variations]"
Add component (AddParameter): Name = "Capacitance"; Value = "10uF"; VariantName = "[No Variations]"
Add component (AddParameter): Name = "Category"; Value = "Cap"; VariantName = "[No Variations]"
Add component (AddParameter): Name = "ComponentLink2Description"; Value = "Datasheet"; VariantName = "[No Variations]"
Add component (AddParameter): Name = "ComponentLink2URL"; Value = "https://search.murata.co.jp/Ceramy/image/img/A01X/G101/ENG/GRM188R61A106KE69-01A.pdf"; VariantName = "[No Variations]"
Add component (AddParameter): Name = "Device Class L1"; Value = "Passive Components"; VariantName = "[No Variations]"
Add component (AddParameter): Name = "Device Class L2"; Value = "Capacitors"; VariantName = "[No Variations]"
Add component (AddParameter): Name = "Device Class L3"; Value = "Ceramic Capacitors"; VariantName = "[No Variations]"
Add component (AddParameter): Name = "Digikey Description"; Value = "CAP CER 10UF 10V X5R 0603"; VariantName = "[No Variations]"
Add component (AddParameter): Name = "Height"; Value = "0.95mm"; VariantName = "[No Variations]"
Add component (AddParameter): Name = "Lead Free"; Value = "Yes"; VariantName = "[No Variations]"
Add component (AddParameter): Name = "Manufacturer"; Value = "Murata"; VariantName = "[No Variations]"
Add component (AddParameter): Name = "Manufacturer Part Number"; Value = "GRM188R61A106KE69D"; VariantName = "[No Variations]"
Add component (AddParameter): Name = "Material"; Value = "Ceramic"; VariantName = "[No Variations]"
Add component (AddParameter): Name = "Mouser Description"; Value = "Multilayer Ceramic Capacitors MLCC - SMD/SMT 0603 10uF 10volts X5R + - 10%"; VariantName = "[No Variations]"
Add component (AddParameter): Name = "Octopart"; Value = "https://octopart.com/grm188r61a106ke69d-murata-22851381"; VariantName = "[No Variations]"
Add component (AddParameter): Name = "Package"; Value = "GRM18-0.15"; VariantName = "[No Variations]"
Add component (AddParameter): Name = "RoHS"; Value = "TRUE"; VariantName = "[No Variations]"
Add component (AddParameter): Name = "Temperature"; Value = "-55°C to +85°C"; VariantName = "[No Variations]"
Add component (AddParameter): Name = "Temperature Characteristic"; Value = "X5R"; VariantName = "[No Variations]"
Add component (AddParameter): Name = "Temperature Coefficient"; Value = "15%"; VariantName = "[No Variations]"
Add component (AddParameter): Name = "Temperature Range High"; Value = "+85°C"; VariantName = "[No Variations]"
Add component (AddParameter): Name = "Temperature Range Low"; Value = "-55°C"; VariantName = "[No Variations]"
Add component (AddParameter): Name = "Tolerance"; Value = "10%"; VariantName = "[No Variations]"
Add component (AddParameter): Name = "Value"; Value = "10uF"; VariantName = "[No Variations]"
Add component (AddParameter): Name = "Voltage Rating"; Value = "10V"; VariantName = "[No Variations]"
Added Component: Designator=C6(CAPC1608X92X38LL15T08)
Add component (AddParameter): Name = "Manufacturer"; Value = "Vitramon"; VariantName = "[No Variations]"
Add component (AddParameter): Name = "Part Number"; Value = "VJ0603A8R2BXAAC"; VariantName = "[No Variations]"
Added Component: Designator=C7(WCAP-CSGP_0603_L1.6W0.8H0.8_Reflow)
Add component (AddParameter): Name = "Capacitance"; Value = "33pF"; VariantName = "[No Variations]"
Add component (AddParameter): Name = "Case Code (Imperial)"; Value = "0603"; VariantName = "[No Variations]"
Add component (AddParameter): Name = "Case Code (Metric)"; Value = "1608"; VariantName = "[No Variations]"
Add component (AddParameter): Name = "Case/Package"; Value = "0603"; VariantName = "[No Variations]"
Add component (AddParameter): Name = "Height"; Value = "800µm"; VariantName = "[No Variations]"
Add component (AddParameter): Name = "Insulation Resistance"; Value = "10G?"; VariantName = "[No Variations]"
Add component (AddParameter): Name = "Length"; Value = "1.6mm"; VariantName = "[No Variations]"
Add component (AddParameter): Name = "Max Operating Temperature"; Value = "125°C"; VariantName = "[No Variations]"
Add component (AddParameter): Name = "Min Operating Temperature"; Value = "-55°C"; VariantName = "[No Variations]"
Add component (AddParameter): Name = "Mount"; Value = "Surface Mount"; VariantName = "[No Variations]"
Add component (AddParameter): Name = "NexarPartId"; Value = "65419545"; VariantName = "[No Variations]"
Add component (AddParameter): Name = "Packaging"; Value = "Cut Tape"; VariantName = "[No Variations]"
Add component (AddParameter): Name = "RoHS"; Value = "Compliant"; VariantName = "[No Variations]"
Add component (AddParameter): Name = "Thickness"; Value = "863.6µm"; VariantName = "[No Variations]"
Add component (AddParameter): Name = "Tolerance"; Value = "5%"; VariantName = "[No Variations]"
Add component (AddParameter): Name = "Voltage Rating"; Value = "16V"; VariantName = "[No Variations]"
Add component (AddParameter): Name = "Voltage Rating (DC)"; Value = "16V"; VariantName = "[No Variations]"
Add component (AddParameter): Name = "Width"; Value = "800µm"; VariantName = "[No Variations]"
Added Component: Designator=C8(WCAP-ATG5_D6.3H15)
Add component (AddParameter): Name = "Capacitance"; Value = "2.2µF"; VariantName = "[No Variations]"
Add component (AddParameter): Name = "Case/Package"; Value = "Radial"; VariantName = "[No Variations]"
Add component (AddParameter): Name = "Diameter"; Value = "6.3mm"; VariantName = "[No Variations]"
Add component (AddParameter): Name = "Height"; Value = "15mm"; VariantName = "[No Variations]"
Add component (AddParameter): Name = "Height - Seated (Max)"; Value = "16.51mm"; VariantName = "[No Variations]"
Add component (AddParameter): Name = "Lead Pitch"; Value = "2.4892mm"; VariantName = "[No Variations]"
Add component (AddParameter): Name = "Leakage Current"; Value = "26.4µA"; VariantName = "[No Variations]"
Add component (AddParameter): Name = "Length"; Value = "15mm"; VariantName = "[No Variations]"
Add component (AddParameter): Name = "Life (Hours)"; Value = "2000hours"; VariantName = "[No Variations]"
Add component (AddParameter): Name = "Max Operating Temperature"; Value = "105°C"; VariantName = "[No Variations]"
Add component (AddParameter): Name = "Min Operating Temperature"; Value = "-25°C"; VariantName = "[No Variations]"
Add component (AddParameter): Name = "Mount"; Value = "Through Hole"; VariantName = "[No Variations]"
Add component (AddParameter): Name = "NexarPartId"; Value = "53914269"; VariantName = "[No Variations]"
Add component (AddParameter): Name = "Packaging"; Value = "Tape & Box (TB)"; VariantName = "[No Variations]"
Add component (AddParameter): Name = "Pitch"; Value = "2.5mm"; VariantName = "[No Variations]"
Add component (AddParameter): Name = "Polarity"; Value = "Polar"; VariantName = "[No Variations]"
Add component (AddParameter): Name = "REACH SVHC"; Value = "Unknown"; VariantName = "[No Variations]"
Add component (AddParameter): Name = "Ripple Current"; Value = "34mA"; VariantName = "[No Variations]"
Add component (AddParameter): Name = "RoHS"; Value = "Compliant"; VariantName = "[No Variations]"
Add component (AddParameter): Name = "Tolerance"; Value = "20%"; VariantName = "[No Variations]"
Add component (AddParameter): Name = "Voltage Rating"; Value = "400V"; VariantName = "[No Variations]"
Add component (AddParameter): Name = "Voltage Rating (DC)"; Value = "400V"; VariantName = "[No Variations]"
Added Component: Designator=C9(FP-RAD-TH-D_10_0_5-L_16_1-MFG)
Add component (AddParameter): Name = "Capacitance"; Value = "470uF"; VariantName = "[No Variations]"
Add component (AddParameter): Name = "Case/Package"; Value = "Radial"; VariantName = "[No Variations]"
Add component (AddParameter): Name = "Construction"; Value = "RADIAL"; VariantName = "[No Variations]"
Add component (AddParameter): Name = "Contact Plating"; Value = "Tin"; VariantName = "[No Variations]"
Add component (AddParameter): Name = "Diameter"; Value = "10mm"; VariantName = "[No Variations]"
Add component (AddParameter): Name = "Dielectric Material"; Value = "Aluminium"; VariantName = "[No Variations]"
Add component (AddParameter): Name = "ESR (Equivalent Series Resistance)"; Value = "68mR"; VariantName = "[No Variations]"
Add component (AddParameter): Name = "Height"; Value = "16mm"; VariantName = "[No Variations]"
Add component (AddParameter): Name = "Height - Seated (Max)"; Value = "0.63inch"; VariantName = "[No Variations]"
Add component (AddParameter): Name = "Impedance"; Value = "68mR"; VariantName = "[No Variations]"
Add component (AddParameter): Name = "Lead Diameter"; Value = "0.6mm"; VariantName = "[No Variations]"
Add component (AddParameter): Name = "Lead Free"; Value = "Lead Free"; VariantName = "[No Variations]"
Add component (AddParameter): Name = "Lead Pitch"; Value = "5mm"; VariantName = "[No Variations]"
Add component (AddParameter): Name = "Leakage Current"; Value = "3uA"; VariantName = "[No Variations]"
Add component (AddParameter): Name = "Length"; Value = "16mm"; VariantName = "[No Variations]"
Add component (AddParameter): Name = "Life (Hours)"; Value = "3000Hour"; VariantName = "[No Variations]"
Add component (AddParameter): Name = "Max Operating Temperature"; Value = "105°C"; VariantName = "[No Variations]"
Add component (AddParameter): Name = "Min Operating Temperature"; Value = "-55°C"; VariantName = "[No Variations]"
Add component (AddParameter): Name = "Mount"; Value = "Through Hole"; VariantName = "[No Variations]"
Add component (AddParameter): Name = "Package Quantity"; Value = "200"; VariantName = "[No Variations]"
Add component (AddParameter): Name = "Packaging"; Value = "Bulk"; VariantName = "[No Variations]"
Add component (AddParameter): Name = "Radiation Hardening"; Value = "No"; VariantName = "[No Variations]"
Add component (AddParameter): Name = "Ratings"; Value = "AEC-Q200"; VariantName = "[No Variations]"
Add component (AddParameter): Name = "REACH SVHC"; Value = "No SVHC"; VariantName = "[No Variations]"
Add component (AddParameter): Name = "Ripple Current"; Value = "1.05A"; VariantName = "[No Variations]"
Add component (AddParameter): Name = "Ripple Current (AC)"; Value = "1.05A"; VariantName = "[No Variations]"
Add component (AddParameter): Name = "RoHS Compliant"; Value = "Yes"; VariantName = "[No Variations]"
Add component (AddParameter): Name = "Series"; Value = "FC"; VariantName = "[No Variations]"
Add component (AddParameter): Name = "Size"; Value = "16mm"; VariantName = "[No Variations]"
Add component (AddParameter): Name = "Termination"; Value = "Radial"; VariantName = "[No Variations]"
Add component (AddParameter): Name = "Tolerance"; Value = "20%"; VariantName = "[No Variations]"
Add component (AddParameter): Name = "Voltage"; Value = "25V"; VariantName = "[No Variations]"
Add component (AddParameter): Name = "Voltage Rating"; Value = "25V"; VariantName = "[No Variations]"
Add component (AddParameter): Name = "Voltage Rating (DC)"; Value = "25V"; VariantName = "[No Variations]"
Added Component: Designator=C10(WCAP-ATLL_D8H11.5)
Add component (AddParameter): Name = "Capacitance"; Value = "100µF"; VariantName = "[No Variations]"
Add component (AddParameter): Name = "Case/Package"; Value = "Radial"; VariantName = "[No Variations]"
Add component (AddParameter): Name = "Diameter"; Value = "8mm"; VariantName = "[No Variations]"
Add component (AddParameter): Name = "Height"; Value = "11.5mm"; VariantName = "[No Variations]"
Add component (AddParameter): Name = "Height - Seated (Max)"; Value = "13.0048mm"; VariantName = "[No Variations]"
Add component (AddParameter): Name = "Impedance"; Value = "280m?"; VariantName = "[No Variations]"
Add component (AddParameter): Name = "Lead Pitch"; Value = "3.5052mm"; VariantName = "[No Variations]"
Add component (AddParameter): Name = "Leakage Current"; Value = "50µA"; VariantName = "[No Variations]"
Add component (AddParameter): Name = "Length"; Value = "11.5mm"; VariantName = "[No Variations]"
Add component (AddParameter): Name = "Life (Hours)"; Value = "4000hours"; VariantName = "[No Variations]"
Add component (AddParameter): Name = "Material"; Value = "Aluminium"; VariantName = "[No Variations]"
Add component (AddParameter): Name = "Max Operating Temperature"; Value = "105°C"; VariantName = "[No Variations]"
Add component (AddParameter): Name = "Min Operating Temperature"; Value = "-55°C"; VariantName = "[No Variations]"
Add component (AddParameter): Name = "Mount"; Value = "Through Hole"; VariantName = "[No Variations]"
Add component (AddParameter): Name = "NexarPartId"; Value = "53914491"; VariantName = "[No Variations]"
Add component (AddParameter): Name = "Packaging"; Value = "Tape & Box (TB)"; VariantName = "[No Variations]"
Add component (AddParameter): Name = "Pitch"; Value = "3.5mm"; VariantName = "[No Variations]"
Add component (AddParameter): Name = "Polarity"; Value = "Polar"; VariantName = "[No Variations]"
Add component (AddParameter): Name = "REACH SVHC"; Value = "Unknown"; VariantName = "[No Variations]"
Add component (AddParameter): Name = "Ripple Current"; Value = "540mA"; VariantName = "[No Variations]"
Add component (AddParameter): Name = "RoHS"; Value = "Compliant"; VariantName = "[No Variations]"
Add component (AddParameter): Name = "Tolerance"; Value = "20%"; VariantName = "[No Variations]"
Add component (AddParameter): Name = "Voltage Rating"; Value = "50V"; VariantName = "[No Variations]"
Add component (AddParameter): Name = "Voltage Rating (DC)"; Value = "50V"; VariantName = "[No Variations]"
Added Component: Designator=C11(FP-CGA3E-0_3-0_1-IPC_A)
Add component (AddParameter): Name = "Capacitance"; Value = "100nF"; VariantName = "[No Variations]"
Add component (AddParameter): Name = "Case Code (Imperial)"; Value = "0603"; VariantName = "[No Variations]"
Add component (AddParameter): Name = "Case Code (Metric)"; Value = "1608"; VariantName = "[No Variations]"
Add component (AddParameter): Name = "Case/Package"; Value = "0603"; VariantName = "[No Variations]"
Add component (AddParameter): Name = "Composition"; Value = "Ceramic"; VariantName = "[No Variations]"
Add component (AddParameter): Name = "Depth"; Value = "0.8mm"; VariantName = "[No Variations]"
Add component (AddParameter): Name = "Dielectric"; Value = "X7S"; VariantName = "[No Variations]"
Add component (AddParameter): Name = "Height"; Value = "0.8mm"; VariantName = "[No Variations]"
Add component (AddParameter): Name = "Lead Free"; Value = "Lead Free"; VariantName = "[No Variations]"
Add component (AddParameter): Name = "Length"; Value = "1.6mm"; VariantName = "[No Variations]"
Add component (AddParameter): Name = "Max Operating Temperature"; Value = "125°C"; VariantName = "[No Variations]"
Add component (AddParameter): Name = "Min Operating Temperature"; Value = "-55°C"; VariantName = "[No Variations]"
Add component (AddParameter): Name = "Mount"; Value = "Surface Mount"; VariantName = "[No Variations]"
Add component (AddParameter): Name = "Package Quantity"; Value = "1"; VariantName = "[No Variations]"
Add component (AddParameter): Name = "Packaging"; Value = "Tape and Reel"; VariantName = "[No Variations]"
Add component (AddParameter): Name = "Radiation Hardening"; Value = "No"; VariantName = "[No Variations]"
Add component (AddParameter): Name = "Ratings"; Value = "AEC-Q200"; VariantName = "[No Variations]"
Add component (AddParameter): Name = "REACH SVHC"; Value = "No SVHC"; VariantName = "[No Variations]"
Add component (AddParameter): Name = "Termination"; Value = "SMD/SMT"; VariantName = "[No Variations]"
Add component (AddParameter): Name = "Thickness"; Value = "0.035inch"; VariantName = "[No Variations]"
Add component (AddParameter): Name = "Tolerance"; Value = "10%"; VariantName = "[No Variations]"
Add component (AddParameter): Name = "Voltage Rating"; Value = "100V"; VariantName = "[No Variations]"
Add component (AddParameter): Name = "Voltage Rating (DC)"; Value = "100V"; VariantName = "[No Variations]"
Add component (AddParameter): Name = "Weight"; Value = "7.1E-05oz"; VariantName = "[No Variations]"
Add component (AddParameter): Name = "Width"; Value = "0.031inch"; VariantName = "[No Variations]"
Added Component: Designator=C12(FP-CGA3E-0_3-0_1-IPC_A)
Add component (AddParameter): Name = "Capacitance"; Value = "100nF"; VariantName = "[No Variations]"
Add component (AddParameter): Name = "Case Code (Imperial)"; Value = "0603"; VariantName = "[No Variations]"
Add component (AddParameter): Name = "Case Code (Metric)"; Value = "1608"; VariantName = "[No Variations]"
Add component (AddParameter): Name = "Case/Package"; Value = "0603"; VariantName = "[No Variations]"
Add component (AddParameter): Name = "Composition"; Value = "Ceramic"; VariantName = "[No Variations]"
Add component (AddParameter): Name = "Depth"; Value = "0.8mm"; VariantName = "[No Variations]"
Add component (AddParameter): Name = "Dielectric"; Value = "X7S"; VariantName = "[No Variations]"
Add component (AddParameter): Name = "Height"; Value = "0.8mm"; VariantName = "[No Variations]"
Add component (AddParameter): Name = "Lead Free"; Value = "Lead Free"; VariantName = "[No Variations]"
Add component (AddParameter): Name = "Length"; Value = "1.6mm"; VariantName = "[No Variations]"
Add component (AddParameter): Name = "Max Operating Temperature"; Value = "125°C"; VariantName = "[No Variations]"
Add component (AddParameter): Name = "Min Operating Temperature"; Value = "-55°C"; VariantName = "[No Variations]"
Add component (AddParameter): Name = "Mount"; Value = "Surface Mount"; VariantName = "[No Variations]"
Add component (AddParameter): Name = "Package Quantity"; Value = "1"; VariantName = "[No Variations]"
Add component (AddParameter): Name = "Packaging"; Value = "Tape and Reel"; VariantName = "[No Variations]"
Add component (AddParameter): Name = "Radiation Hardening"; Value = "No"; VariantName = "[No Variations]"
Add component (AddParameter): Name = "Ratings"; Value = "AEC-Q200"; VariantName = "[No Variations]"
Add component (AddParameter): Name = "REACH SVHC"; Value = "No SVHC"; VariantName = "[No Variations]"
Add component (AddParameter): Name = "Termination"; Value = "SMD/SMT"; VariantName = "[No Variations]"
Add component (AddParameter): Name = "Thickness"; Value = "0.035inch"; VariantName = "[No Variations]"
Add component (AddParameter): Name = "Tolerance"; Value = "10%"; VariantName = "[No Variations]"
Add component (AddParameter): Name = "Voltage Rating"; Value = "100V"; VariantName = "[No Variations]"
Add component (AddParameter): Name = "Voltage Rating (DC)"; Value = "100V"; VariantName = "[No Variations]"
Add component (AddParameter): Name = "Weight"; Value = "7.1E-05oz"; VariantName = "[No Variations]"
Add component (AddParameter): Name = "Width"; Value = "0.031inch"; VariantName = "[No Variations]"
Added Component: Designator=C13(FP-GRM18-0_15-MFG)
Add component (AddParameter): Name = "Automotive"; Value = "No"; VariantName = "[No Variations]"
Add component (AddParameter): Name = "Capacitance"; Value = "10uF"; VariantName = "[No Variations]"
Add component (AddParameter): Name = "Category"; Value = "Cap"; VariantName = "[No Variations]"
Add component (AddParameter): Name = "ComponentLink2Description"; Value = "Datasheet"; VariantName = "[No Variations]"
Add component (AddParameter): Name = "ComponentLink2URL"; Value = "https://search.murata.co.jp/Ceramy/image/img/A01X/G101/ENG/GRM188R61A106KE69-01A.pdf"; VariantName = "[No Variations]"
Add component (AddParameter): Name = "Device Class L1"; Value = "Passive Components"; VariantName = "[No Variations]"
Add component (AddParameter): Name = "Device Class L2"; Value = "Capacitors"; VariantName = "[No Variations]"
Add component (AddParameter): Name = "Device Class L3"; Value = "Ceramic Capacitors"; VariantName = "[No Variations]"
Add component (AddParameter): Name = "Digikey Description"; Value = "CAP CER 10UF 10V X5R 0603"; VariantName = "[No Variations]"
Add component (AddParameter): Name = "Height"; Value = "0.95mm"; VariantName = "[No Variations]"
Add component (AddParameter): Name = "Lead Free"; Value = "Yes"; VariantName = "[No Variations]"
Add component (AddParameter): Name = "Manufacturer"; Value = "Murata"; VariantName = "[No Variations]"
Add component (AddParameter): Name = "Manufacturer Part Number"; Value = "GRM188R61A106KE69D"; VariantName = "[No Variations]"
Add component (AddParameter): Name = "Material"; Value = "Ceramic"; VariantName = "[No Variations]"
Add component (AddParameter): Name = "Mouser Description"; Value = "Multilayer Ceramic Capacitors MLCC - SMD/SMT 0603 10uF 10volts X5R + - 10%"; VariantName = "[No Variations]"
Add component (AddParameter): Name = "Octopart"; Value = "https://octopart.com/grm188r61a106ke69d-murata-22851381"; VariantName = "[No Variations]"
Add component (AddParameter): Name = "Package"; Value = "GRM18-0.15"; VariantName = "[No Variations]"
Add component (AddParameter): Name = "RoHS"; Value = "TRUE"; VariantName = "[No Variations]"
Add component (AddParameter): Name = "Temperature"; Value = "-55°C to +85°C"; VariantName = "[No Variations]"
Add component (AddParameter): Name = "Temperature Characteristic"; Value = "X5R"; VariantName = "[No Variations]"
Add component (AddParameter): Name = "Temperature Coefficient"; Value = "15%"; VariantName = "[No Variations]"
Add component (AddParameter): Name = "Temperature Range High"; Value = "+85°C"; VariantName = "[No Variations]"
Add component (AddParameter): Name = "Temperature Range Low"; Value = "-55°C"; VariantName = "[No Variations]"
Add component (AddParameter): Name = "Tolerance"; Value = "10%"; VariantName = "[No Variations]"
Add component (AddParameter): Name = "Value"; Value = "10uF"; VariantName = "[No Variations]"
Add component (AddParameter): Name = "Voltage Rating"; Value = "10V"; VariantName = "[No Variations]"
Added Component: Designator=C14(FP-0603B104K500CT-IPC_C)
Add component (AddParameter): Name = "Capacitance"; Value = "100nF"; VariantName = "[No Variations]"
Add component (AddParameter): Name = "Case Code (Imperial)"; Value = "0603"; VariantName = "[No Variations]"
Add component (AddParameter): Name = "Case Code (Metric)"; Value = "1608"; VariantName = "[No Variations]"
Add component (AddParameter): Name = "Case/Package"; Value = "0603"; VariantName = "[No Variations]"
Add component (AddParameter): Name = "Depth"; Value = "0.8mm"; VariantName = "[No Variations]"
Add component (AddParameter): Name = "Dielectric"; Value = "X7R"; VariantName = "[No Variations]"
Add component (AddParameter): Name = "Lead Free"; Value = "Lead Free"; VariantName = "[No Variations]"
Add component (AddParameter): Name = "Length"; Value = "1.6mm"; VariantName = "[No Variations]"
Add component (AddParameter): Name = "Max Operating Temperature"; Value = "125°C"; VariantName = "[No Variations]"
Add component (AddParameter): Name = "Min Operating Temperature"; Value = "-55°C"; VariantName = "[No Variations]"
Add component (AddParameter): Name = "Packaging"; Value = "Tape and Reel"; VariantName = "[No Variations]"
Add component (AddParameter): Name = "Radiation Hardening"; Value = "No"; VariantName = "[No Variations]"
Add component (AddParameter): Name = "RoHS Compliant"; Value = "Yes"; VariantName = "[No Variations]"
Add component (AddParameter): Name = "Series"; Value = "-"; VariantName = "[No Variations]"
Add component (AddParameter): Name = "Tolerance"; Value = "10%"; VariantName = "[No Variations]"
Add component (AddParameter): Name = "Voltage Rating"; Value = "50V"; VariantName = "[No Variations]"
Add component (AddParameter): Name = "Voltage Rating (DC)"; Value = "50V"; VariantName = "[No Variations]"
Added Component: Designator=C15(FP-0603-L_1_6_0_1-W_0_8_0-MFG)
Add component (AddParameter): Name = "Capacitance"; Value = "1uF"; VariantName = "[No Variations]"
Add component (AddParameter): Name = "Case Code (Imperial)"; Value = "0603"; VariantName = "[No Variations]"
Add component (AddParameter): Name = "Case Code (Metric)"; Value = "1608"; VariantName = "[No Variations]"
Add component (AddParameter): Name = "Case/Package"; Value = "0603"; VariantName = "[No Variations]"
Add component (AddParameter): Name = "Dielectric"; Value = "X7R"; VariantName = "[No Variations]"
Add component (AddParameter): Name = "Halogen Free"; Value = "Halogen Free"; VariantName = "[No Variations]"
Add component (AddParameter): Name = "Height"; Value = "0.8mm"; VariantName = "[No Variations]"
Add component (AddParameter): Name = "Lead Free"; Value = "Lead Free"; VariantName = "[No Variations]"
Add component (AddParameter): Name = "Length"; Value = "0.063inch"; VariantName = "[No Variations]"
Add component (AddParameter): Name = "Max Operating Temperature"; Value = "125°C"; VariantName = "[No Variations]"
Add component (AddParameter): Name = "Min Operating Temperature"; Value = "-55°C"; VariantName = "[No Variations]"
Add component (AddParameter): Name = "Mount"; Value = "Surface Mount"; VariantName = "[No Variations]"
Add component (AddParameter): Name = "Package Quantity"; Value = "4000"; VariantName = "[No Variations]"
Add component (AddParameter): Name = "Packaging"; Value = "Tape and Reel"; VariantName = "[No Variations]"
Add component (AddParameter): Name = "Ratings"; Value = "AEC-Q200"; VariantName = "[No Variations]"
Add component (AddParameter): Name = "RoHS Compliant"; Value = "Yes"; VariantName = "[No Variations]"
Add component (AddParameter): Name = "Termination"; Value = "SMD/SMT"; VariantName = "[No Variations]"
Add component (AddParameter): Name = "Thickness"; Value = "0.035inch"; VariantName = "[No Variations]"
Add component (AddParameter): Name = "Tolerance"; Value = "10%"; VariantName = "[No Variations]"
Add component (AddParameter): Name = "Voltage Rating"; Value = "16V"; VariantName = "[No Variations]"
Add component (AddParameter): Name = "Voltage Rating (DC)"; Value = "16V"; VariantName = "[No Variations]"
Add component (AddParameter): Name = "Width"; Value = "0.031inch"; VariantName = "[No Variations]"
Added Component: Designator=C16(FP-GRM188-0_1-e0_2_0_5-IPC_B)
Add component (AddParameter): Name = "Capacitance"; Value = "100nF"; VariantName = "[No Variations]"
Add component (AddParameter): Name = "Case Code (Imperial)"; Value = "0603"; VariantName = "[No Variations]"
Add component (AddParameter): Name = "Case Code (Metric)"; Value = "1608"; VariantName = "[No Variations]"
Add component (AddParameter): Name = "Case/Package"; Value = "0603"; VariantName = "[No Variations]"
Add component (AddParameter): Name = "Depth"; Value = "0.8mm"; VariantName = "[No Variations]"
Add component (AddParameter): Name = "Dielectric"; Value = "X7R"; VariantName = "[No Variations]"
Add component (AddParameter): Name = "Height"; Value = "0.8mm"; VariantName = "[No Variations]"
Add component (AddParameter): Name = "Lead Free"; Value = "Lead Free"; VariantName = "[No Variations]"
Add component (AddParameter): Name = "Length"; Value = "1.6mm"; VariantName = "[No Variations]"
Add component (AddParameter): Name = "Material"; Value = "Ceramic"; VariantName = "[No Variations]"
Add component (AddParameter): Name = "Max Operating Temperature"; Value = "125°C"; VariantName = "[No Variations]"
Add component (AddParameter): Name = "Min Operating Temperature"; Value = "-55°C"; VariantName = "[No Variations]"
Add component (AddParameter): Name = "Mount"; Value = "Surface Mount"; VariantName = "[No Variations]"
Add component (AddParameter): Name = "Package Quantity"; Value = "1"; VariantName = "[No Variations]"
Add component (AddParameter): Name = "Packaging"; Value = "Tape and Reel"; VariantName = "[No Variations]"
Add component (AddParameter): Name = "Radiation Hardening"; Value = "No"; VariantName = "[No Variations]"
Add component (AddParameter): Name = "REACH SVHC"; Value = "No SVHC"; VariantName = "[No Variations]"
Add component (AddParameter): Name = "Termination"; Value = "SMD/SMT"; VariantName = "[No Variations]"
Add component (AddParameter): Name = "Thickness"; Value = "0.035inch"; VariantName = "[No Variations]"
Add component (AddParameter): Name = "Tolerance"; Value = "10%"; VariantName = "[No Variations]"
Add component (AddParameter): Name = "Voltage"; Value = "100V"; VariantName = "[No Variations]"
Add component (AddParameter): Name = "Voltage Rating"; Value = "100V"; VariantName = "[No Variations]"
Add component (AddParameter): Name = "Voltage Rating (DC)"; Value = "100V"; VariantName = "[No Variations]"
Add component (AddParameter): Name = "Weight"; Value = "0.000222oz"; VariantName = "[No Variations]"
Add component (AddParameter): Name = "Width"; Value = "0.8mm"; VariantName = "[No Variations]"
Added Component: Designator=C17(FP-GRM188-0_1-e0_2_0_5-IPC_B)
Add component (AddParameter): Name = "Capacitance"; Value = "100nF"; VariantName = "[No Variations]"
Add component (AddParameter): Name = "Case Code (Imperial)"; Value = "0603"; VariantName = "[No Variations]"
Add component (AddParameter): Name = "Case Code (Metric)"; Value = "1608"; VariantName = "[No Variations]"
Add component (AddParameter): Name = "Case/Package"; Value = "0603"; VariantName = "[No Variations]"
Add component (AddParameter): Name = "Depth"; Value = "0.8mm"; VariantName = "[No Variations]"
Add component (AddParameter): Name = "Dielectric"; Value = "X7R"; VariantName = "[No Variations]"
Add component (AddParameter): Name = "Height"; Value = "0.8mm"; VariantName = "[No Variations]"
Add component (AddParameter): Name = "Lead Free"; Value = "Lead Free"; VariantName = "[No Variations]"
Add component (AddParameter): Name = "Length"; Value = "1.6mm"; VariantName = "[No Variations]"
Add component (AddParameter): Name = "Material"; Value = "Ceramic"; VariantName = "[No Variations]"
Add component (AddParameter): Name = "Max Operating Temperature"; Value = "125°C"; VariantName = "[No Variations]"
Add component (AddParameter): Name = "Min Operating Temperature"; Value = "-55°C"; VariantName = "[No Variations]"
Add component (AddParameter): Name = "Mount"; Value = "Surface Mount"; VariantName = "[No Variations]"
Add component (AddParameter): Name = "Package Quantity"; Value = "1"; VariantName = "[No Variations]"
Add component (AddParameter): Name = "Packaging"; Value = "Tape and Reel"; VariantName = "[No Variations]"
Add component (AddParameter): Name = "Radiation Hardening"; Value = "No"; VariantName = "[No Variations]"
Add component (AddParameter): Name = "REACH SVHC"; Value = "No SVHC"; VariantName = "[No Variations]"
Add component (AddParameter): Name = "Termination"; Value = "SMD/SMT"; VariantName = "[No Variations]"
Add component (AddParameter): Name = "Thickness"; Value = "0.035inch"; VariantName = "[No Variations]"
Add component (AddParameter): Name = "Tolerance"; Value = "10%"; VariantName = "[No Variations]"
Add component (AddParameter): Name = "Voltage"; Value = "100V"; VariantName = "[No Variations]"
Add component (AddParameter): Name = "Voltage Rating"; Value = "100V"; VariantName = "[No Variations]"
Add component (AddParameter): Name = "Voltage Rating (DC)"; Value = "100V"; VariantName = "[No Variations]"
Add component (AddParameter): Name = "Weight"; Value = "0.000222oz"; VariantName = "[No Variations]"
Add component (AddParameter): Name = "Width"; Value = "0.8mm"; VariantName = "[No Variations]"
Added Component: Designator=C18(FP-GRM188-0_1-e0_2_0_5-IPC_B)
Add component (AddParameter): Name = "Capacitance"; Value = "100nF"; VariantName = "[No Variations]"
Add component (AddParameter): Name = "Case Code (Imperial)"; Value = "0603"; VariantName = "[No Variations]"
Add component (AddParameter): Name = "Case Code (Metric)"; Value = "1608"; VariantName = "[No Variations]"
Add component (AddParameter): Name = "Case/Package"; Value = "0603"; VariantName = "[No Variations]"
Add component (AddParameter): Name = "Depth"; Value = "0.8mm"; VariantName = "[No Variations]"
Add component (AddParameter): Name = "Dielectric"; Value = "X7R"; VariantName = "[No Variations]"
Add component (AddParameter): Name = "Height"; Value = "0.8mm"; VariantName = "[No Variations]"
Add component (AddParameter): Name = "Lead Free"; Value = "Lead Free"; VariantName = "[No Variations]"
Add component (AddParameter): Name = "Length"; Value = "1.6mm"; VariantName = "[No Variations]"
Add component (AddParameter): Name = "Material"; Value = "Ceramic"; VariantName = "[No Variations]"
Add component (AddParameter): Name = "Max Operating Temperature"; Value = "125°C"; VariantName = "[No Variations]"
Add component (AddParameter): Name = "Min Operating Temperature"; Value = "-55°C"; VariantName = "[No Variations]"
Add component (AddParameter): Name = "Mount"; Value = "Surface Mount"; VariantName = "[No Variations]"
Add component (AddParameter): Name = "Package Quantity"; Value = "1"; VariantName = "[No Variations]"
Add component (AddParameter): Name = "Packaging"; Value = "Tape and Reel"; VariantName = "[No Variations]"
Add component (AddParameter): Name = "Radiation Hardening"; Value = "No"; VariantName = "[No Variations]"
Add component (AddParameter): Name = "REACH SVHC"; Value = "No SVHC"; VariantName = "[No Variations]"
Add component (AddParameter): Name = "Termination"; Value = "SMD/SMT"; VariantName = "[No Variations]"
Add component (AddParameter): Name = "Thickness"; Value = "0.035inch"; VariantName = "[No Variations]"
Add component (AddParameter): Name = "Tolerance"; Value = "10%"; VariantName = "[No Variations]"
Add component (AddParameter): Name = "Voltage"; Value = "100V"; VariantName = "[No Variations]"
Add component (AddParameter): Name = "Voltage Rating"; Value = "100V"; VariantName = "[No Variations]"
Add component (AddParameter): Name = "Voltage Rating (DC)"; Value = "100V"; VariantName = "[No Variations]"
Add component (AddParameter): Name = "Weight"; Value = "0.000222oz"; VariantName = "[No Variations]"
Add component (AddParameter): Name = "Width"; Value = "0.8mm"; VariantName = "[No Variations]"
Added Component: Designator=C19(FP-GRM188-0_1-e0_2_0_5-IPC_B)
Add component (AddParameter): Name = "Capacitance"; Value = "100nF"; VariantName = "[No Variations]"
Add component (AddParameter): Name = "Case Code (Imperial)"; Value = "0603"; VariantName = "[No Variations]"
Add component (AddParameter): Name = "Case Code (Metric)"; Value = "1608"; VariantName = "[No Variations]"
Add component (AddParameter): Name = "Case/Package"; Value = "0603"; VariantName = "[No Variations]"
Add component (AddParameter): Name = "Depth"; Value = "0.8mm"; VariantName = "[No Variations]"
Add component (AddParameter): Name = "Dielectric"; Value = "X7R"; VariantName = "[No Variations]"
Add component (AddParameter): Name = "Height"; Value = "0.8mm"; VariantName = "[No Variations]"
Add component (AddParameter): Name = "Lead Free"; Value = "Lead Free"; VariantName = "[No Variations]"
Add component (AddParameter): Name = "Length"; Value = "1.6mm"; VariantName = "[No Variations]"
Add component (AddParameter): Name = "Material"; Value = "Ceramic"; VariantName = "[No Variations]"
Add component (AddParameter): Name = "Max Operating Temperature"; Value = "125°C"; VariantName = "[No Variations]"
Add component (AddParameter): Name = "Min Operating Temperature"; Value = "-55°C"; VariantName = "[No Variations]"
Add component (AddParameter): Name = "Mount"; Value = "Surface Mount"; VariantName = "[No Variations]"
Add component (AddParameter): Name = "Package Quantity"; Value = "1"; VariantName = "[No Variations]"
Add component (AddParameter): Name = "Packaging"; Value = "Tape and Reel"; VariantName = "[No Variations]"
Add component (AddParameter): Name = "Radiation Hardening"; Value = "No"; VariantName = "[No Variations]"
Add component (AddParameter): Name = "REACH SVHC"; Value = "No SVHC"; VariantName = "[No Variations]"
Add component (AddParameter): Name = "Termination"; Value = "SMD/SMT"; VariantName = "[No Variations]"
Add component (AddParameter): Name = "Thickness"; Value = "0.035inch"; VariantName = "[No Variations]"
Add component (AddParameter): Name = "Tolerance"; Value = "10%"; VariantName = "[No Variations]"
Add component (AddParameter): Name = "Voltage"; Value = "100V"; VariantName = "[No Variations]"
Add component (AddParameter): Name = "Voltage Rating"; Value = "100V"; VariantName = "[No Variations]"
Add component (AddParameter): Name = "Voltage Rating (DC)"; Value = "100V"; VariantName = "[No Variations]"
Add component (AddParameter): Name = "Weight"; Value = "0.000222oz"; VariantName = "[No Variations]"
Add component (AddParameter): Name = "Width"; Value = "0.8mm"; VariantName = "[No Variations]"
Added Component: Designator=C20(FP-GRM188-0_1-e0_2_0_5-IPC_B)
Add component (AddParameter): Name = "Capacitance"; Value = "100nF"; VariantName = "[No Variations]"
Add component (AddParameter): Name = "Case Code (Imperial)"; Value = "0603"; VariantName = "[No Variations]"
Add component (AddParameter): Name = "Case Code (Metric)"; Value = "1608"; VariantName = "[No Variations]"
Add component (AddParameter): Name = "Case/Package"; Value = "0603"; VariantName = "[No Variations]"
Add component (AddParameter): Name = "Depth"; Value = "0.8mm"; VariantName = "[No Variations]"
Add component (AddParameter): Name = "Dielectric"; Value = "X7R"; VariantName = "[No Variations]"
Add component (AddParameter): Name = "Height"; Value = "0.8mm"; VariantName = "[No Variations]"
Add component (AddParameter): Name = "Lead Free"; Value = "Lead Free"; VariantName = "[No Variations]"
Add component (AddParameter): Name = "Length"; Value = "1.6mm"; VariantName = "[No Variations]"
Add component (AddParameter): Name = "Material"; Value = "Ceramic"; VariantName = "[No Variations]"
Add component (AddParameter): Name = "Max Operating Temperature"; Value = "125°C"; VariantName = "[No Variations]"
Add component (AddParameter): Name = "Min Operating Temperature"; Value = "-55°C"; VariantName = "[No Variations]"
Add component (AddParameter): Name = "Mount"; Value = "Surface Mount"; VariantName = "[No Variations]"
Add component (AddParameter): Name = "Package Quantity"; Value = "1"; VariantName = "[No Variations]"
Add component (AddParameter): Name = "Packaging"; Value = "Tape and Reel"; VariantName = "[No Variations]"
Add component (AddParameter): Name = "Radiation Hardening"; Value = "No"; VariantName = "[No Variations]"
Add component (AddParameter): Name = "REACH SVHC"; Value = "No SVHC"; VariantName = "[No Variations]"
Add component (AddParameter): Name = "Termination"; Value = "SMD/SMT"; VariantName = "[No Variations]"
Add component (AddParameter): Name = "Thickness"; Value = "0.035inch"; VariantName = "[No Variations]"
Add component (AddParameter): Name = "Tolerance"; Value = "10%"; VariantName = "[No Variations]"
Add component (AddParameter): Name = "Voltage"; Value = "100V"; VariantName = "[No Variations]"
Add component (AddParameter): Name = "Voltage Rating"; Value = "100V"; VariantName = "[No Variations]"
Add component (AddParameter): Name = "Voltage Rating (DC)"; Value = "100V"; VariantName = "[No Variations]"
Add component (AddParameter): Name = "Weight"; Value = "0.000222oz"; VariantName = "[No Variations]"
Add component (AddParameter): Name = "Width"; Value = "0.8mm"; VariantName = "[No Variations]"
Added Component: Designator=C21(FP-GRM188-0_1-e0_2_0_5-IPC_B)
Add component (AddParameter): Name = "Capacitance"; Value = "100nF"; VariantName = "[No Variations]"
Add component (AddParameter): Name = "Case Code (Imperial)"; Value = "0603"; VariantName = "[No Variations]"
Add component (AddParameter): Name = "Case Code (Metric)"; Value = "1608"; VariantName = "[No Variations]"
Add component (AddParameter): Name = "Case/Package"; Value = "0603"; VariantName = "[No Variations]"
Add component (AddParameter): Name = "Depth"; Value = "0.8mm"; VariantName = "[No Variations]"
Add component (AddParameter): Name = "Dielectric"; Value = "X7R"; VariantName = "[No Variations]"
Add component (AddParameter): Name = "Height"; Value = "0.8mm"; VariantName = "[No Variations]"
Add component (AddParameter): Name = "Lead Free"; Value = "Lead Free"; VariantName = "[No Variations]"
Add component (AddParameter): Name = "Length"; Value = "1.6mm"; VariantName = "[No Variations]"
Add component (AddParameter): Name = "Material"; Value = "Ceramic"; VariantName = "[No Variations]"
Add component (AddParameter): Name = "Max Operating Temperature"; Value = "125°C"; VariantName = "[No Variations]"
Add component (AddParameter): Name = "Min Operating Temperature"; Value = "-55°C"; VariantName = "[No Variations]"
Add component (AddParameter): Name = "Mount"; Value = "Surface Mount"; VariantName = "[No Variations]"
Add component (AddParameter): Name = "Package Quantity"; Value = "1"; VariantName = "[No Variations]"
Add component (AddParameter): Name = "Packaging"; Value = "Tape and Reel"; VariantName = "[No Variations]"
Add component (AddParameter): Name = "Radiation Hardening"; Value = "No"; VariantName = "[No Variations]"
Add component (AddParameter): Name = "REACH SVHC"; Value = "No SVHC"; VariantName = "[No Variations]"
Add component (AddParameter): Name = "Termination"; Value = "SMD/SMT"; VariantName = "[No Variations]"
Add component (AddParameter): Name = "Thickness"; Value = "0.035inch"; VariantName = "[No Variations]"
Add component (AddParameter): Name = "Tolerance"; Value = "10%"; VariantName = "[No Variations]"
Add component (AddParameter): Name = "Voltage"; Value = "100V"; VariantName = "[No Variations]"
Add component (AddParameter): Name = "Voltage Rating"; Value = "100V"; VariantName = "[No Variations]"
Add component (AddParameter): Name = "Voltage Rating (DC)"; Value = "100V"; VariantName = "[No Variations]"
Add component (AddParameter): Name = "Weight"; Value = "0.000222oz"; VariantName = "[No Variations]"
Add component (AddParameter): Name = "Width"; Value = "0.8mm"; VariantName = "[No Variations]"
Added Component: Designator=CN1(FP-TMM-102-02-G-S-MFG)
Add component (AddParameter): Name = "Connector Type"; Value = "Header"; VariantName = "[No Variations]"
Add component (AddParameter): Name = "Contact Finish - Mating"; Value = "GOLD"; VariantName = "[No Variations]"
Add component (AddParameter): Name = "Contact Material"; Value = "Bronze"; VariantName = "[No Variations]"
Add component (AddParameter): Name = "Contact Plating"; Value = "Gold"; VariantName = "[No Variations]"
Add component (AddParameter): Name = "Contact Shape"; Value = "Square"; VariantName = "[No Variations]"
Add component (AddParameter): Name = "Contact Type"; Value = "Male Pin"; VariantName = "[No Variations]"
Add component (AddParameter): Name = "Depth"; Value = "1.97mm"; VariantName = "[No Variations]"
Add component (AddParameter): Name = "Fastening Type"; Value = "Pull"; VariantName = "[No Variations]"
Add component (AddParameter): Name = "Gender"; Value = "Male"; VariantName = "[No Variations]"
Add component (AddParameter): Name = "Housing Color"; Value = "Black"; VariantName = "[No Variations]"
Add component (AddParameter): Name = "Housing Material"; Value = "Polymer"; VariantName = "[No Variations]"
Add component (AddParameter): Name = "Insulation Color"; Value = "Black"; VariantName = "[No Variations]"
Add component (AddParameter): Name = "Insulation Material"; Value = "Polymer"; VariantName = "[No Variations]"
Add component (AddParameter): Name = "Length"; Value = "4mm"; VariantName = "[No Variations]"
Add component (AddParameter): Name = "Max Current Rating"; Value = "3.9A"; VariantName = "[No Variations]"
Add component (AddParameter): Name = "Max Operating Temperature"; Value = "125°C"; VariantName = "[No Variations]"
Add component (AddParameter): Name = "Max Voltage Rating (AC)"; Value = "500V"; VariantName = "[No Variations]"
Add component (AddParameter): Name = "Min Operating Temperature"; Value = "-55°C"; VariantName = "[No Variations]"
Add component (AddParameter): Name = "Mount"; Value = "Through Hole"; VariantName = "[No Variations]"
Add component (AddParameter): Name = "Number of Contacts"; Value = "2"; VariantName = "[No Variations]"
Add component (AddParameter): Name = "Number of Positions"; Value = "2"; VariantName = "[No Variations]"
Add component (AddParameter): Name = "Number of Rows"; Value = "1"; VariantName = "[No Variations]"
Add component (AddParameter): Name = "Orientation"; Value = "Straight"; VariantName = "[No Variations]"
Add component (AddParameter): Name = "Packaging"; Value = "Bulk"; VariantName = "[No Variations]"
Add component (AddParameter): Name = "Pitch"; Value = "2mm"; VariantName = "[No Variations]"
Add component (AddParameter): Name = "Radiation Hardening"; Value = "No"; VariantName = "[No Variations]"
Add component (AddParameter): Name = "RoHS Compliant"; Value = "Yes"; VariantName = "[No Variations]"
Add component (AddParameter): Name = "Series"; Value = "TMM"; VariantName = "[No Variations]"
Add component (AddParameter): Name = "Termination"; Value = "Solder"; VariantName = "[No Variations]"
Added Component: Designator=cn2(FP-TMM-103-02-G-S-MFG)
Add component (AddParameter): Name = "Connector Type"; Value = "Header"; VariantName = "[No Variations]"
Add component (AddParameter): Name = "Contact Finish - Mating"; Value = "GOLD"; VariantName = "[No Variations]"
Add component (AddParameter): Name = "Contact Material"; Value = "Bronze"; VariantName = "[No Variations]"
Add component (AddParameter): Name = "Contact Plating"; Value = "Gold"; VariantName = "[No Variations]"
Add component (AddParameter): Name = "Contact Shape"; Value = "Square"; VariantName = "[No Variations]"
Add component (AddParameter): Name = "Contact Type"; Value = "Male Pin"; VariantName = "[No Variations]"
Add component (AddParameter): Name = "Depth"; Value = "1.97mm"; VariantName = "[No Variations]"
Add component (AddParameter): Name = "Fastening Type"; Value = "Pull"; VariantName = "[No Variations]"
Add component (AddParameter): Name = "Gender"; Value = "Male"; VariantName = "[No Variations]"
Add component (AddParameter): Name = "Housing Color"; Value = "Black"; VariantName = "[No Variations]"
Add component (AddParameter): Name = "Housing Material"; Value = "Polymer"; VariantName = "[No Variations]"
Add component (AddParameter): Name = "Insulation Color"; Value = "Black"; VariantName = "[No Variations]"
Add component (AddParameter): Name = "Insulation Material"; Value = "Polymer"; VariantName = "[No Variations]"
Add component (AddParameter): Name = "Length"; Value = "6mm"; VariantName = "[No Variations]"
Add component (AddParameter): Name = "Max Current Rating"; Value = "3.9A"; VariantName = "[No Variations]"
Add component (AddParameter): Name = "Max Operating Temperature"; Value = "125°C"; VariantName = "[No Variations]"
Add component (AddParameter): Name = "Max Voltage Rating (AC)"; Value = "500V"; VariantName = "[No Variations]"
Add component (AddParameter): Name = "Min Operating Temperature"; Value = "-55°C"; VariantName = "[No Variations]"
Add component (AddParameter): Name = "Number of Contacts"; Value = "3"; VariantName = "[No Variations]"
Add component (AddParameter): Name = "Number of Positions"; Value = "3"; VariantName = "[No Variations]"
Add component (AddParameter): Name = "Number of Rows"; Value = "1"; VariantName = "[No Variations]"
Add component (AddParameter): Name = "Orientation"; Value = "Straight"; VariantName = "[No Variations]"
Add component (AddParameter): Name = "Packaging"; Value = "Bulk"; VariantName = "[No Variations]"
Add component (AddParameter): Name = "Pitch"; Value = "2mm"; VariantName = "[No Variations]"
Add component (AddParameter): Name = "Radiation Hardening"; Value = "No"; VariantName = "[No Variations]"
Add component (AddParameter): Name = "RoHS Compliant"; Value = "Yes"; VariantName = "[No Variations]"
Add component (AddParameter): Name = "Series"; Value = "TMM"; VariantName = "[No Variations]"
Add component (AddParameter): Name = "Termination"; Value = "Solder"; VariantName = "[No Variations]"
Added Component: Designator=D1(FP-017AH-MFG)
Add component (AddParameter): Name = "Automotive"; Value = "No"; VariantName = "[No Variations]"
Add component (AddParameter): Name = "Capacitance"; Value = "17pF"; VariantName = "[No Variations]"
Add component (AddParameter): Name = "Category"; Value = "Diode"; VariantName = "[No Variations]"
Add component (AddParameter): Name = "ComponentLink2Description"; Value = "Datasheet"; VariantName = "[No Variations]"
Add component (AddParameter): Name = "ComponentLink2URL"; Value = "https://www.onsemi.com/pub/Collateral/UF4007-D.pdf"; VariantName = "[No Variations]"
Add component (AddParameter): Name = "Device Class L1"; Value = "Discrete Semiconductors"; VariantName = "[No Variations]"
Add component (AddParameter): Name = "Device Class L2"; Value = "Diodes"; VariantName = "[No Variations]"
Add component (AddParameter): Name = "Device Class L3"; Value = "Rectifier Diodes"; VariantName = "[No Variations]"
Add component (AddParameter): Name = "Digikey Description"; Value = "DIODE GEN PURP 1KV 1A DO41"; VariantName = "[No Variations]"
Add component (AddParameter): Name = "Footprint Url"; Value = "https://www.onsemi.com/pub/Collateral/017AH.PDF"; VariantName = "[No Variations]"
Add component (AddParameter): Name = "Forward Current"; Value = "1A"; VariantName = "[No Variations]"
Add component (AddParameter): Name = "Height"; Value = "2.72mm"; VariantName = "[No Variations]"
Add component (AddParameter): Name = "Lead Free"; Value = "Yes"; VariantName = "[No Variations]"
Add component (AddParameter): Name = "Manufacturer"; Value = "ON Semiconductor"; VariantName = "[No Variations]"
Add component (AddParameter): Name = "Manufacturer Part Number"; Value = "UF4007"; VariantName = "[No Variations]"
Add component (AddParameter): Name = "Max Junction Temp"; Value = "+150°C"; VariantName = "[No Variations]"
Add component (AddParameter): Name = "Max Repetitive Reverse Voltage"; Value = "1000V"; VariantName = "[No Variations]"
Add component (AddParameter): Name = "Max Surge Forward Current"; Value = "30A"; VariantName = "[No Variations]"
Add component (AddParameter): Name = "Mouser Description"; Value = "Rectifiers 1000V 1a Rectifier Glass Passivated"; VariantName = "[No Variations]"
Add component (AddParameter): Name = "Octopart"; Value = "https://octopart.com/uf4007-on+semiconductor-84331693"; VariantName = "[No Variations]"
Add component (AddParameter): Name = "Package"; Value = "017AH"; VariantName = "[No Variations]"
Add component (AddParameter): Name = "Peak Reverse Current"; Value = "10uA"; VariantName = "[No Variations]"
Add component (AddParameter): Name = "RoHS"; Value = "TRUE"; VariantName = "[No Variations]"
Add component (AddParameter): Name = "Temperature"; Value = "-65°C to +150°C"; VariantName = "[No Variations]"
Add component (AddParameter): Name = "Temperature Range High"; Value = "+150°C"; VariantName = "[No Variations]"
Add component (AddParameter): Name = "Temperature Range Low"; Value = "-65°C"; VariantName = "[No Variations]"
Add component (AddParameter): Name = "Value"; Value = "17pF"; VariantName = "[No Variations]"
Added Component: Designator=D2(FP-IR12-21C-TR8-MFG)
Add component (AddParameter): Name = "Case/Package"; Value = "SMD/SMT"; VariantName = "[No Variations]"
Add component (AddParameter): Name = "Forward Current"; Value = "65mA"; VariantName = "[No Variations]"
Add component (AddParameter): Name = "Forward Voltage"; Value = "1.2V"; VariantName = "[No Variations]"
Add component (AddParameter): Name = "Lead Free"; Value = "Lead Free"; VariantName = "[No Variations]"
Add component (AddParameter): Name = "Lens Style"; Value = "Diffused"; VariantName = "[No Variations]"
Add component (AddParameter): Name = "Max Operating Temperature"; Value = "85°C"; VariantName = "[No Variations]"
Add component (AddParameter): Name = "Min Operating Temperature"; Value = "-25°C"; VariantName = "[No Variations]"
Add component (AddParameter): Name = "Mount"; Value = "Surface Mount"; VariantName = "[No Variations]"
Add component (AddParameter): Name = "Number of LEDs"; Value = "1"; VariantName = "[No Variations]"
Add component (AddParameter): Name = "Number of Pins"; Value = "2"; VariantName = "[No Variations]"
Add component (AddParameter): Name = "Orientation"; Value = "Side View"; VariantName = "[No Variations]"
Add component (AddParameter): Name = "Package Quantity"; Value = "2000"; VariantName = "[No Variations]"
Add component (AddParameter): Name = "Packaging"; Value = "Tape and Reel"; VariantName = "[No Variations]"
Add component (AddParameter): Name = "Power Rating"; Value = "130mW"; VariantName = "[No Variations]"
Add component (AddParameter): Name = "Radiation Hardening"; Value = "No"; VariantName = "[No Variations]"
Add component (AddParameter): Name = "RoHS Compliant"; Value = "Yes"; VariantName = "[No Variations]"
Add component (AddParameter): Name = "Series"; Value = "-"; VariantName = "[No Variations]"
Add component (AddParameter): Name = "Touchscreen"; Value = "Infrared (IR)"; VariantName = "[No Variations]"
Add component (AddParameter): Name = "Viewing Angle"; Value = "160°"; VariantName = "[No Variations]"
Add component (AddParameter): Name = "Wavelength"; Value = "940nm"; VariantName = "[No Variations]"
Added Component: Designator=D3(FP-IR12-21C-TR8-MFG)
Add component (AddParameter): Name = "Case/Package"; Value = "SMD/SMT"; VariantName = "[No Variations]"
Add component (AddParameter): Name = "Forward Current"; Value = "65mA"; VariantName = "[No Variations]"
Add component (AddParameter): Name = "Forward Voltage"; Value = "1.2V"; VariantName = "[No Variations]"
Add component (AddParameter): Name = "Lead Free"; Value = "Lead Free"; VariantName = "[No Variations]"
Add component (AddParameter): Name = "Lens Style"; Value = "Diffused"; VariantName = "[No Variations]"
Add component (AddParameter): Name = "Max Operating Temperature"; Value = "85°C"; VariantName = "[No Variations]"
Add component (AddParameter): Name = "Min Operating Temperature"; Value = "-25°C"; VariantName = "[No Variations]"
Add component (AddParameter): Name = "Mount"; Value = "Surface Mount"; VariantName = "[No Variations]"
Add component (AddParameter): Name = "Number of LEDs"; Value = "1"; VariantName = "[No Variations]"
Add component (AddParameter): Name = "Number of Pins"; Value = "2"; VariantName = "[No Variations]"
Add component (AddParameter): Name = "Orientation"; Value = "Side View"; VariantName = "[No Variations]"
Add component (AddParameter): Name = "Package Quantity"; Value = "2000"; VariantName = "[No Variations]"
Add component (AddParameter): Name = "Packaging"; Value = "Tape and Reel"; VariantName = "[No Variations]"
Add component (AddParameter): Name = "Power Rating"; Value = "130mW"; VariantName = "[No Variations]"
Add component (AddParameter): Name = "Radiation Hardening"; Value = "No"; VariantName = "[No Variations]"
Add component (AddParameter): Name = "RoHS Compliant"; Value = "Yes"; VariantName = "[No Variations]"
Add component (AddParameter): Name = "Series"; Value = "-"; VariantName = "[No Variations]"
Add component (AddParameter): Name = "Touchscreen"; Value = "Infrared (IR)"; VariantName = "[No Variations]"
Add component (AddParameter): Name = "Viewing Angle"; Value = "160°"; VariantName = "[No Variations]"
Add component (AddParameter): Name = "Wavelength"; Value = "940nm"; VariantName = "[No Variations]"
Added Component: Designator=D4(FP-AAA3528LSEEZGKQBKS-MFG)
Add component (AddParameter): Name = "Case/Package"; Value = "PLCC"; VariantName = "[No Variations]"
Add component (AddParameter): Name = "Color"; Value = "Blue"; VariantName = "[No Variations]"
Add component (AddParameter): Name = "Dominant Wavelength"; Value = "465nm"; VariantName = "[No Variations]"
Add component (AddParameter): Name = "Forward Voltage"; Value = "2.7V"; VariantName = "[No Variations]"
Add component (AddParameter): Name = "Height"; Value = "2.1mm"; VariantName = "[No Variations]"
Add component (AddParameter): Name = "Length"; Value = "3.2mm"; VariantName = "[No Variations]"
Add component (AddParameter): Name = "Lens Color"; Value = "Colorless"; VariantName = "[No Variations]"
Add component (AddParameter): Name = "Lens Transparency"; Value = "Clear"; VariantName = "[No Variations]"
Add component (AddParameter): Name = "Luminous Intensity"; Value = "30mcd"; VariantName = "[No Variations]"
Add component (AddParameter): Name = "Mount"; Value = "Surface Mount"; VariantName = "[No Variations]"
Add component (AddParameter): Name = "Number of Pins"; Value = "4"; VariantName = "[No Variations]"
Add component (AddParameter): Name = "Packaging"; Value = "Tape and Reel"; VariantName = "[No Variations]"
Add component (AddParameter): Name = "Test Current"; Value = "2mA"; VariantName = "[No Variations]"
Add component (AddParameter): Name = "Viewing Angle"; Value = "120°"; VariantName = "[No Variations]"
Add component (AddParameter): Name = "Width"; Value = "2.8mm"; VariantName = "[No Variations]"
Added Component: Designator=D5(FP-AAA3528LSEEZGKQBKS-MFG)
Add component (AddParameter): Name = "Case/Package"; Value = "PLCC"; VariantName = "[No Variations]"
Add component (AddParameter): Name = "Color"; Value = "Blue"; VariantName = "[No Variations]"
Add component (AddParameter): Name = "Dominant Wavelength"; Value = "465nm"; VariantName = "[No Variations]"
Add component (AddParameter): Name = "Forward Voltage"; Value = "2.7V"; VariantName = "[No Variations]"
Add component (AddParameter): Name = "Height"; Value = "2.1mm"; VariantName = "[No Variations]"
Add component (AddParameter): Name = "Length"; Value = "3.2mm"; VariantName = "[No Variations]"
Add component (AddParameter): Name = "Lens Color"; Value = "Colorless"; VariantName = "[No Variations]"
Add component (AddParameter): Name = "Lens Transparency"; Value = "Clear"; VariantName = "[No Variations]"
Add component (AddParameter): Name = "Luminous Intensity"; Value = "30mcd"; VariantName = "[No Variations]"
Add component (AddParameter): Name = "Mount"; Value = "Surface Mount"; VariantName = "[No Variations]"
Add component (AddParameter): Name = "Number of Pins"; Value = "4"; VariantName = "[No Variations]"
Add component (AddParameter): Name = "Packaging"; Value = "Tape and Reel"; VariantName = "[No Variations]"
Add component (AddParameter): Name = "Test Current"; Value = "2mA"; VariantName = "[No Variations]"
Add component (AddParameter): Name = "Viewing Angle"; Value = "120°"; VariantName = "[No Variations]"
Add component (AddParameter): Name = "Width"; Value = "2.8mm"; VariantName = "[No Variations]"
Added Component: Designator=D6(FP-AAA3528LSEEZGKQBKS-MFG)
Add component (AddParameter): Name = "Case/Package"; Value = "PLCC"; VariantName = "[No Variations]"
Add component (AddParameter): Name = "Color"; Value = "Blue"; VariantName = "[No Variations]"
Add component (AddParameter): Name = "Dominant Wavelength"; Value = "465nm"; VariantName = "[No Variations]"
Add component (AddParameter): Name = "Forward Voltage"; Value = "2.7V"; VariantName = "[No Variations]"
Add component (AddParameter): Name = "Height"; Value = "2.1mm"; VariantName = "[No Variations]"
Add component (AddParameter): Name = "Length"; Value = "3.2mm"; VariantName = "[No Variations]"
Add component (AddParameter): Name = "Lens Color"; Value = "Colorless"; VariantName = "[No Variations]"
Add component (AddParameter): Name = "Lens Transparency"; Value = "Clear"; VariantName = "[No Variations]"
Add component (AddParameter): Name = "Luminous Intensity"; Value = "30mcd"; VariantName = "[No Variations]"
Add component (AddParameter): Name = "Mount"; Value = "Surface Mount"; VariantName = "[No Variations]"
Add component (AddParameter): Name = "Number of Pins"; Value = "4"; VariantName = "[No Variations]"
Add component (AddParameter): Name = "Packaging"; Value = "Tape and Reel"; VariantName = "[No Variations]"
Add component (AddParameter): Name = "Test Current"; Value = "2mA"; VariantName = "[No Variations]"
Add component (AddParameter): Name = "Viewing Angle"; Value = "120°"; VariantName = "[No Variations]"
Add component (AddParameter): Name = "Width"; Value = "2.8mm"; VariantName = "[No Variations]"
Added Component: Designator=D7(FP-AAA3528LSEEZGKQBKS-MFG)
Add component (AddParameter): Name = "Case/Package"; Value = "PLCC"; VariantName = "[No Variations]"
Add component (AddParameter): Name = "Color"; Value = "Blue"; VariantName = "[No Variations]"
Add component (AddParameter): Name = "Dominant Wavelength"; Value = "465nm"; VariantName = "[No Variations]"
Add component (AddParameter): Name = "Forward Voltage"; Value = "2.7V"; VariantName = "[No Variations]"
Add component (AddParameter): Name = "Height"; Value = "2.1mm"; VariantName = "[No Variations]"
Add component (AddParameter): Name = "Length"; Value = "3.2mm"; VariantName = "[No Variations]"
Add component (AddParameter): Name = "Lens Color"; Value = "Colorless"; VariantName = "[No Variations]"
Add component (AddParameter): Name = "Lens Transparency"; Value = "Clear"; VariantName = "[No Variations]"
Add component (AddParameter): Name = "Luminous Intensity"; Value = "30mcd"; VariantName = "[No Variations]"
Add component (AddParameter): Name = "Mount"; Value = "Surface Mount"; VariantName = "[No Variations]"
Add component (AddParameter): Name = "Number of Pins"; Value = "4"; VariantName = "[No Variations]"
Add component (AddParameter): Name = "Packaging"; Value = "Tape and Reel"; VariantName = "[No Variations]"
Add component (AddParameter): Name = "Test Current"; Value = "2mA"; VariantName = "[No Variations]"
Add component (AddParameter): Name = "Viewing Angle"; Value = "120°"; VariantName = "[No Variations]"
Add component (AddParameter): Name = "Width"; Value = "2.8mm"; VariantName = "[No Variations]"
Added Component: Designator=D8(FP-AAA3528LSEEZGKQBKS-MFG)
Add component (AddParameter): Name = "Case/Package"; Value = "PLCC"; VariantName = "[No Variations]"
Add component (AddParameter): Name = "Color"; Value = "Blue"; VariantName = "[No Variations]"
Add component (AddParameter): Name = "Dominant Wavelength"; Value = "465nm"; VariantName = "[No Variations]"
Add component (AddParameter): Name = "Forward Voltage"; Value = "2.7V"; VariantName = "[No Variations]"
Add component (AddParameter): Name = "Height"; Value = "2.1mm"; VariantName = "[No Variations]"
Add component (AddParameter): Name = "Length"; Value = "3.2mm"; VariantName = "[No Variations]"
Add component (AddParameter): Name = "Lens Color"; Value = "Colorless"; VariantName = "[No Variations]"
Add component (AddParameter): Name = "Lens Transparency"; Value = "Clear"; VariantName = "[No Variations]"
Add component (AddParameter): Name = "Luminous Intensity"; Value = "30mcd"; VariantName = "[No Variations]"
Add component (AddParameter): Name = "Mount"; Value = "Surface Mount"; VariantName = "[No Variations]"
Add component (AddParameter): Name = "Number of Pins"; Value = "4"; VariantName = "[No Variations]"
Add component (AddParameter): Name = "Packaging"; Value = "Tape and Reel"; VariantName = "[No Variations]"
Add component (AddParameter): Name = "Test Current"; Value = "2mA"; VariantName = "[No Variations]"
Add component (AddParameter): Name = "Viewing Angle"; Value = "120°"; VariantName = "[No Variations]"
Add component (AddParameter): Name = "Width"; Value = "2.8mm"; VariantName = "[No Variations]"
Added Component: Designator=D9(FP-AAA3528LSEEZGKQBKS-MFG)
Add component (AddParameter): Name = "Case/Package"; Value = "PLCC"; VariantName = "[No Variations]"
Add component (AddParameter): Name = "Color"; Value = "Blue"; VariantName = "[No Variations]"
Add component (AddParameter): Name = "Dominant Wavelength"; Value = "465nm"; VariantName = "[No Variations]"
Add component (AddParameter): Name = "Forward Voltage"; Value = "2.7V"; VariantName = "[No Variations]"
Add component (AddParameter): Name = "Height"; Value = "2.1mm"; VariantName = "[No Variations]"
Add component (AddParameter): Name = "Length"; Value = "3.2mm"; VariantName = "[No Variations]"
Add component (AddParameter): Name = "Lens Color"; Value = "Colorless"; VariantName = "[No Variations]"
Add component (AddParameter): Name = "Lens Transparency"; Value = "Clear"; VariantName = "[No Variations]"
Add component (AddParameter): Name = "Luminous Intensity"; Value = "30mcd"; VariantName = "[No Variations]"
Add component (AddParameter): Name = "Mount"; Value = "Surface Mount"; VariantName = "[No Variations]"
Add component (AddParameter): Name = "Number of Pins"; Value = "4"; VariantName = "[No Variations]"
Add component (AddParameter): Name = "Packaging"; Value = "Tape and Reel"; VariantName = "[No Variations]"
Add component (AddParameter): Name = "Test Current"; Value = "2mA"; VariantName = "[No Variations]"
Add component (AddParameter): Name = "Viewing Angle"; Value = "120°"; VariantName = "[No Variations]"
Add component (AddParameter): Name = "Width"; Value = "2.8mm"; VariantName = "[No Variations]"
Added Component: Designator=D10(FP-AAA3528LSEEZGKQBKS-MFG)
Add component (AddParameter): Name = "Case/Package"; Value = "PLCC"; VariantName = "[No Variations]"
Add component (AddParameter): Name = "Color"; Value = "Blue"; VariantName = "[No Variations]"
Add component (AddParameter): Name = "Dominant Wavelength"; Value = "465nm"; VariantName = "[No Variations]"
Add component (AddParameter): Name = "Forward Voltage"; Value = "2.7V"; VariantName = "[No Variations]"
Add component (AddParameter): Name = "Height"; Value = "2.1mm"; VariantName = "[No Variations]"
Add component (AddParameter): Name = "Length"; Value = "3.2mm"; VariantName = "[No Variations]"
Add component (AddParameter): Name = "Lens Color"; Value = "Colorless"; VariantName = "[No Variations]"
Add component (AddParameter): Name = "Lens Transparency"; Value = "Clear"; VariantName = "[No Variations]"
Add component (AddParameter): Name = "Luminous Intensity"; Value = "30mcd"; VariantName = "[No Variations]"
Add component (AddParameter): Name = "Mount"; Value = "Surface Mount"; VariantName = "[No Variations]"
Add component (AddParameter): Name = "Number of Pins"; Value = "4"; VariantName = "[No Variations]"
Add component (AddParameter): Name = "Packaging"; Value = "Tape and Reel"; VariantName = "[No Variations]"
Add component (AddParameter): Name = "Test Current"; Value = "2mA"; VariantName = "[No Variations]"
Add component (AddParameter): Name = "Viewing Angle"; Value = "120°"; VariantName = "[No Variations]"
Add component (AddParameter): Name = "Width"; Value = "2.8mm"; VariantName = "[No Variations]"
Added Component: Designator=IN-1(IN-14)
Added Component: Designator=IN-2(IN-14)
Added Component: Designator=IN-3(IN-14)
Added Component: Designator=IN-4(IN-14)
Added Component: Designator=IN-5(IN-14)
Added Component: Designator=IN-6(IN-14)
Added Component: Designator=IN-7(IN-19A)
Added Component: Designator=L1(FP-IHLP-1616AB-FP_1_8545x-MFG)
Added Component: Designator=L2(FP-IHLP-1616AB-FP_1_8545x-MFG)
Added Component: Designator=L3(FP-NR4018-MFG)
Add component (AddParameter): Name = "Case/Package"; Value = "Nonstandard"; VariantName = "[No Variations]"
Add component (AddParameter): Name = "Core Material"; Value = "Ferrite"; VariantName = "[No Variations]"
Add component (AddParameter): Name = "Current Rating"; Value = "280mA"; VariantName = "[No Variations]"
Add component (AddParameter): Name = "DC Resistance (DCR)"; Value = "1.74R"; VariantName = "[No Variations]"
Add component (AddParameter): Name = "Depth"; Value = "4mm"; VariantName = "[No Variations]"
Add component (AddParameter): Name = "Halogen Free"; Value = "Halogen Free"; VariantName = "[No Variations]"
Add component (AddParameter): Name = "Height"; Value = "1.8mm"; VariantName = "[No Variations]"
Add component (AddParameter): Name = "Height - Seated (Max)"; Value = "0.071inch"; VariantName = "[No Variations]"
Add component (AddParameter): Name = "Inductance"; Value = "100uH"; VariantName = "[No Variations]"
Add component (AddParameter): Name = "Lead Free"; Value = "Lead Free"; VariantName = "[No Variations]"
Add component (AddParameter): Name = "Length"; Value = "0.157inch"; VariantName = "[No Variations]"
Add component (AddParameter): Name = "Max DC Current"; Value = "280mA"; VariantName = "[No Variations]"
Add component (AddParameter): Name = "Max Operating Temperature"; Value = "125°C"; VariantName = "[No Variations]"
Add component (AddParameter): Name = "Min Operating Temperature"; Value = "-40°C"; VariantName = "[No Variations]"
Add component (AddParameter): Name = "Mount"; Value = "Surface Mount"; VariantName = "[No Variations]"
Add component (AddParameter): Name = "Package Quantity"; Value = "3500"; VariantName = "[No Variations]"
Add component (AddParameter): Name = "Packaging"; Value = "Tape and Reel"; VariantName = "[No Variations]"
Add component (AddParameter): Name = "Radiation Hardening"; Value = "No"; VariantName = "[No Variations]"
Add component (AddParameter): Name = "Ratings"; Value = "AEC-Q200"; VariantName = "[No Variations]"
Add component (AddParameter): Name = "Resistor Type"; Value = "Wirewound"; VariantName = "[No Variations]"
Add component (AddParameter): Name = "RoHS Compliant"; Value = "Yes"; VariantName = "[No Variations]"
Add component (AddParameter): Name = "Saturation Current"; Value = "420mA"; VariantName = "[No Variations]"
Add component (AddParameter): Name = "Self Resonant Frequency"; Value = "6.5MHz"; VariantName = "[No Variations]"
Add component (AddParameter): Name = "Shielding"; Value = "Shielded"; VariantName = "[No Variations]"
Add component (AddParameter): Name = "Termination"; Value = "SMD/SMT"; VariantName = "[No Variations]"
Add component (AddParameter): Name = "Test Frequency"; Value = "100kHz"; VariantName = "[No Variations]"
Add component (AddParameter): Name = "Tolerance"; Value = "20%"; VariantName = "[No Variations]"
Add component (AddParameter): Name = "Weight"; Value = "0.003527oz"; VariantName = "[No Variations]"
Add component (AddParameter): Name = "Width"; Value = "0.157inch"; VariantName = "[No Variations]"
Added Component: Designator=mcu-1(FP-ESP32-WROOM-32U_16MB-MFG)
Add component (AddParameter): Name = "Case/Package"; Value = "SMD/SMT"; VariantName = "[No Variations]"
Add component (AddParameter): Name = "Data Rate"; Value = "150Mbps"; VariantName = "[No Variations]"
Add component (AddParameter): Name = "Frequency"; Value = "2.5GHz"; VariantName = "[No Variations]"
Add component (AddParameter): Name = "Interface"; Value = "I2C"; VariantName = "[No Variations]"
Add component (AddParameter): Name = "Max Operating Temperature"; Value = "85°C"; VariantName = "[No Variations]"
Add component (AddParameter): Name = "Memory Size"; Value = "536KB"; VariantName = "[No Variations]"
Add component (AddParameter): Name = "Min Operating Temperature"; Value = "-40°C"; VariantName = "[No Variations]"
Add component (AddParameter): Name = "Mount"; Value = "Surface Mount"; VariantName = "[No Variations]"
Add component (AddParameter): Name = "Packaging"; Value = "Tape and Reel"; VariantName = "[No Variations]"
Add component (AddParameter): Name = "Sensitivity"; Value = "-98dBm"; VariantName = "[No Variations]"
Added Component: Designator=PW1(SOP127P1030X245-18N)
Added Component: Designator=PW2(SOP127P1030X245-18N)
Added Component: Designator=PW3(SOP127P1030X245-18N)
Added Component: Designator=PW4(SOP127P1030X245-18N)
Added Component: Designator=Q1(DPAK230P1010X240-3_PRSS0004ZP-A_N)
Add component (AddParameter): Name = "Case/Package"; Value = "TO-252"; VariantName = "[No Variations]"
Add component (AddParameter): Name = "China RoHS"; Value = "Compliant"; VariantName = "[No Variations]"
Add component (AddParameter): Name = "ComponentLink1Description"; Value = "Manufacturer's Website"; VariantName = "[No Variations]"
Add component (AddParameter): Name = "ComponentLink1URL"; Value = "http://www.renesas.com"; VariantName = "[No Variations]"
Add component (AddParameter): Name = "ComponentLink2Description"; Value = "Datasheet URL"; VariantName = "[No Variations]"
Add component (AddParameter): Name = "ComponentLink2URL"; Value = "https://octopart.com/cad-content/api/get-model-datasheet/15189/75564512"; VariantName = "[No Variations]"
Add component (AddParameter): Name = "ComponentLink3Description"; Value = "Manufacturer's Package Drawing"; VariantName = "[No Variations]"
Add component (AddParameter): Name = "ComponentLink3URL"; Value = "https://www.renesas.com/en/document/psc/package-drawing-mp-3zp-3pin-prss0004zp?r=579081"; VariantName = "[No Variations]"
Add component (AddParameter): Name = "Continuous Drain Current (ID)"; Value = "75A"; VariantName = "[No Variations]"
Add component (AddParameter): Name = "Drain to Source Voltage (Vdss)"; Value = "40V"; VariantName = "[No Variations]"
Add component (AddParameter): Name = "Export Control Classification Number (ECCN) Code"; Value = "EAR99"; VariantName = "[No Variations]"
Add component (AddParameter): Name = "Gate to Source Voltage (Vgs)"; Value = "20V"; VariantName = "[No Variations]"
Add component (AddParameter): Name = "Harmonized Tariff Schedule (HTS) Code"; Value = "8541.21.0095"; VariantName = "[No Variations]"
Add component (AddParameter): Name = "Height"; Value = "2.4mm"; VariantName = "[No Variations]"
Add component (AddParameter): Name = "HelpURL"; Value = "https://octopart.com/cad-content/api/get-model-datasheet/15189/75564512"; VariantName = "[No Variations]"
Add component (AddParameter): Name = "Length"; Value = "6mm"; VariantName = "[No Variations]"
Add component (AddParameter): Name = "Lifecycle Status"; Value = "Production"; VariantName = "[No Variations]"
Add component (AddParameter): Name = "Manufacturer Lifecycle Status"; Value = "ACTIVE"; VariantName = "[No Variations]"
Add component (AddParameter): Name = "Max Junction Temperature (Tj)"; Value = "175°C"; VariantName = "[No Variations]"
Add component (AddParameter): Name = "Max Operating Temperature"; Value = "175°C"; VariantName = "[No Variations]"
Add component (AddParameter): Name = "Min Operating Temperature"; Value = "-55°C"; VariantName = "[No Variations]"
Add component (AddParameter): Name = "Mount"; Value = "Surface Mount"; VariantName = "[No Variations]"
Add component (AddParameter): Name = "MSL"; Value = "1"; VariantName = "[No Variations]"
Add component (AddParameter): Name = "Number of Pins"; Value = "3"; VariantName = "[No Variations]"
Add component (AddParameter): Name = "Part Family"; Value = "NP75N04VUK"; VariantName = "[No Variations]"
Add component (AddParameter): Name = "Rds On Max"; Value = "5.7m?"; VariantName = "[No Variations]"
Add component (AddParameter): Name = "RoHS"; Value = "Compliant"; VariantName = "[No Variations]"
Add component (AddParameter): Name = "Width"; Value = "6mm"; VariantName = "[No Variations]"
Added Component: Designator=Q2(WL-OCPT_DIP4_S-Type)
Add component (AddParameter): Name = "Forward Current"; Value = "60mA"; VariantName = "[No Variations]"
Add component (AddParameter): Name = "Forward Voltage"; Value = "1.24V"; VariantName = "[No Variations]"
Add component (AddParameter): Name = "Height"; Value = "4.3mm"; VariantName = "[No Variations]"
Add component (AddParameter): Name = "Isolation Voltage"; Value = "5kV"; VariantName = "[No Variations]"
Add component (AddParameter): Name = "Length"; Value = "10.15mm"; VariantName = "[No Variations]"
Add component (AddParameter): Name = "Max Operating Temperature"; Value = "110°C"; VariantName = "[No Variations]"
Add component (AddParameter): Name = "Max Reverse Voltage (DC)"; Value = "6V"; VariantName = "[No Variations]"
Add component (AddParameter): Name = "Min Operating Temperature"; Value = "-55°C"; VariantName = "[No Variations]"
Add component (AddParameter): Name = "NexarPartId"; Value = "114060698"; VariantName = "[No Variations]"
Add component (AddParameter): Name = "RoHS"; Value = "Compliant"; VariantName = "[No Variations]"
Add component (AddParameter): Name = "Width"; Value = "4.58mm"; VariantName = "[No Variations]"
Added Component: Designator=Q3(WL-OCPT_DIP4_S-Type)
Add component (AddParameter): Name = "Forward Current"; Value = "60mA"; VariantName = "[No Variations]"
Add component (AddParameter): Name = "Forward Voltage"; Value = "1.24V"; VariantName = "[No Variations]"
Add component (AddParameter): Name = "Height"; Value = "4.3mm"; VariantName = "[No Variations]"
Add component (AddParameter): Name = "Isolation Voltage"; Value = "5kV"; VariantName = "[No Variations]"
Add component (AddParameter): Name = "Length"; Value = "10.15mm"; VariantName = "[No Variations]"
Add component (AddParameter): Name = "Max Operating Temperature"; Value = "110°C"; VariantName = "[No Variations]"
Add component (AddParameter): Name = "Max Reverse Voltage (DC)"; Value = "6V"; VariantName = "[No Variations]"
Add component (AddParameter): Name = "Min Operating Temperature"; Value = "-55°C"; VariantName = "[No Variations]"
Add component (AddParameter): Name = "NexarPartId"; Value = "114060698"; VariantName = "[No Variations]"
Add component (AddParameter): Name = "RoHS"; Value = "Compliant"; VariantName = "[No Variations]"
Add component (AddParameter): Name = "Width"; Value = "4.58mm"; VariantName = "[No Variations]"
Added Component: Designator=Q4(WL-OCPT_DIP4_S-Type)
Add component (AddParameter): Name = "Forward Current"; Value = "60mA"; VariantName = "[No Variations]"
Add component (AddParameter): Name = "Forward Voltage"; Value = "1.24V"; VariantName = "[No Variations]"
Add component (AddParameter): Name = "Height"; Value = "4.3mm"; VariantName = "[No Variations]"
Add component (AddParameter): Name = "Isolation Voltage"; Value = "5kV"; VariantName = "[No Variations]"
Add component (AddParameter): Name = "Length"; Value = "10.15mm"; VariantName = "[No Variations]"
Add component (AddParameter): Name = "Max Operating Temperature"; Value = "110°C"; VariantName = "[No Variations]"
Add component (AddParameter): Name = "Max Reverse Voltage (DC)"; Value = "6V"; VariantName = "[No Variations]"
Add component (AddParameter): Name = "Min Operating Temperature"; Value = "-55°C"; VariantName = "[No Variations]"
Add component (AddParameter): Name = "NexarPartId"; Value = "114060698"; VariantName = "[No Variations]"
Add component (AddParameter): Name = "RoHS"; Value = "Compliant"; VariantName = "[No Variations]"
Add component (AddParameter): Name = "Width"; Value = "4.58mm"; VariantName = "[No Variations]"
Added Component: Designator=Q5(WL-OCPT_DIP4_S-Type)
Add component (AddParameter): Name = "Forward Current"; Value = "60mA"; VariantName = "[No Variations]"
Add component (AddParameter): Name = "Forward Voltage"; Value = "1.24V"; VariantName = "[No Variations]"
Add component (AddParameter): Name = "Height"; Value = "4.3mm"; VariantName = "[No Variations]"
Add component (AddParameter): Name = "Isolation Voltage"; Value = "5kV"; VariantName = "[No Variations]"
Add component (AddParameter): Name = "Length"; Value = "10.15mm"; VariantName = "[No Variations]"
Add component (AddParameter): Name = "Max Operating Temperature"; Value = "110°C"; VariantName = "[No Variations]"
Add component (AddParameter): Name = "Max Reverse Voltage (DC)"; Value = "6V"; VariantName = "[No Variations]"
Add component (AddParameter): Name = "Min Operating Temperature"; Value = "-55°C"; VariantName = "[No Variations]"
Add component (AddParameter): Name = "NexarPartId"; Value = "114060698"; VariantName = "[No Variations]"
Add component (AddParameter): Name = "RoHS"; Value = "Compliant"; VariantName = "[No Variations]"
Add component (AddParameter): Name = "Width"; Value = "4.58mm"; VariantName = "[No Variations]"
Added Component: Designator=Q6(WL-OCPT_DIP4_S-Type)
Add component (AddParameter): Name = "Forward Current"; Value = "60mA"; VariantName = "[No Variations]"
Add component (AddParameter): Name = "Forward Voltage"; Value = "1.24V"; VariantName = "[No Variations]"
Add component (AddParameter): Name = "Height"; Value = "4.3mm"; VariantName = "[No Variations]"
Add component (AddParameter): Name = "Isolation Voltage"; Value = "5kV"; VariantName = "[No Variations]"
Add component (AddParameter): Name = "Length"; Value = "10.15mm"; VariantName = "[No Variations]"
Add component (AddParameter): Name = "Max Operating Temperature"; Value = "110°C"; VariantName = "[No Variations]"
Add component (AddParameter): Name = "Max Reverse Voltage (DC)"; Value = "6V"; VariantName = "[No Variations]"
Add component (AddParameter): Name = "Min Operating Temperature"; Value = "-55°C"; VariantName = "[No Variations]"
Add component (AddParameter): Name = "NexarPartId"; Value = "114060698"; VariantName = "[No Variations]"
Add component (AddParameter): Name = "RoHS"; Value = "Compliant"; VariantName = "[No Variations]"
Add component (AddParameter): Name = "Width"; Value = "4.58mm"; VariantName = "[No Variations]"
Added Component: Designator=Q7(WL-OCPT_DIP4_S-Type)
Add component (AddParameter): Name = "Forward Current"; Value = "60mA"; VariantName = "[No Variations]"
Add component (AddParameter): Name = "Forward Voltage"; Value = "1.24V"; VariantName = "[No Variations]"
Add component (AddParameter): Name = "Height"; Value = "4.3mm"; VariantName = "[No Variations]"
Add component (AddParameter): Name = "Isolation Voltage"; Value = "5kV"; VariantName = "[No Variations]"
Add component (AddParameter): Name = "Length"; Value = "10.15mm"; VariantName = "[No Variations]"
Add component (AddParameter): Name = "Max Operating Temperature"; Value = "110°C"; VariantName = "[No Variations]"
Add component (AddParameter): Name = "Max Reverse Voltage (DC)"; Value = "6V"; VariantName = "[No Variations]"
Add component (AddParameter): Name = "Min Operating Temperature"; Value = "-55°C"; VariantName = "[No Variations]"
Add component (AddParameter): Name = "NexarPartId"; Value = "114060698"; VariantName = "[No Variations]"
Add component (AddParameter): Name = "RoHS"; Value = "Compliant"; VariantName = "[No Variations]"
Add component (AddParameter): Name = "Width"; Value = "4.58mm"; VariantName = "[No Variations]"
Added Component: Designator=Q8(WL-OCPT_DIP4_S-Type)
Add component (AddParameter): Name = "Forward Current"; Value = "60mA"; VariantName = "[No Variations]"
Add component (AddParameter): Name = "Forward Voltage"; Value = "1.24V"; VariantName = "[No Variations]"
Add component (AddParameter): Name = "Height"; Value = "4.3mm"; VariantName = "[No Variations]"
Add component (AddParameter): Name = "Isolation Voltage"; Value = "5kV"; VariantName = "[No Variations]"
Add component (AddParameter): Name = "Length"; Value = "10.15mm"; VariantName = "[No Variations]"
Add component (AddParameter): Name = "Max Operating Temperature"; Value = "110°C"; VariantName = "[No Variations]"
Add component (AddParameter): Name = "Max Reverse Voltage (DC)"; Value = "6V"; VariantName = "[No Variations]"
Add component (AddParameter): Name = "Min Operating Temperature"; Value = "-55°C"; VariantName = "[No Variations]"
Add component (AddParameter): Name = "NexarPartId"; Value = "114060698"; VariantName = "[No Variations]"
Add component (AddParameter): Name = "RoHS"; Value = "Compliant"; VariantName = "[No Variations]"
Add component (AddParameter): Name = "Width"; Value = "4.58mm"; VariantName = "[No Variations]"
Added Component: Designator=Q9(WL-OCPT_DIP4_S-Type)
Add component (AddParameter): Name = "Forward Current"; Value = "60mA"; VariantName = "[No Variations]"
Add component (AddParameter): Name = "Forward Voltage"; Value = "1.24V"; VariantName = "[No Variations]"
Add component (AddParameter): Name = "Height"; Value = "4.3mm"; VariantName = "[No Variations]"
Add component (AddParameter): Name = "Isolation Voltage"; Value = "5kV"; VariantName = "[No Variations]"
Add component (AddParameter): Name = "Length"; Value = "10.15mm"; VariantName = "[No Variations]"
Add component (AddParameter): Name = "Max Operating Temperature"; Value = "110°C"; VariantName = "[No Variations]"
Add component (AddParameter): Name = "Max Reverse Voltage (DC)"; Value = "6V"; VariantName = "[No Variations]"
Add component (AddParameter): Name = "Min Operating Temperature"; Value = "-55°C"; VariantName = "[No Variations]"
Add component (AddParameter): Name = "NexarPartId"; Value = "114060698"; VariantName = "[No Variations]"
Add component (AddParameter): Name = "RoHS"; Value = "Compliant"; VariantName = "[No Variations]"
Add component (AddParameter): Name = "Width"; Value = "4.58mm"; VariantName = "[No Variations]"
Added Component: Designator=Q10(WL-OCPT_DIP4_S-Type)
Add component (AddParameter): Name = "Forward Current"; Value = "60mA"; VariantName = "[No Variations]"
Add component (AddParameter): Name = "Forward Voltage"; Value = "1.24V"; VariantName = "[No Variations]"
Add component (AddParameter): Name = "Height"; Value = "4.3mm"; VariantName = "[No Variations]"
Add component (AddParameter): Name = "Isolation Voltage"; Value = "5kV"; VariantName = "[No Variations]"
Add component (AddParameter): Name = "Length"; Value = "10.15mm"; VariantName = "[No Variations]"
Add component (AddParameter): Name = "Max Operating Temperature"; Value = "110°C"; VariantName = "[No Variations]"
Add component (AddParameter): Name = "Max Reverse Voltage (DC)"; Value = "6V"; VariantName = "[No Variations]"
Add component (AddParameter): Name = "Min Operating Temperature"; Value = "-55°C"; VariantName = "[No Variations]"
Add component (AddParameter): Name = "NexarPartId"; Value = "114060698"; VariantName = "[No Variations]"
Add component (AddParameter): Name = "RoHS"; Value = "Compliant"; VariantName = "[No Variations]"
Add component (AddParameter): Name = "Width"; Value = "4.58mm"; VariantName = "[No Variations]"
Added Component: Designator=Q11(WL-OCPT_DIP4_S-Type)
Add component (AddParameter): Name = "Forward Current"; Value = "60mA"; VariantName = "[No Variations]"
Add component (AddParameter): Name = "Forward Voltage"; Value = "1.24V"; VariantName = "[No Variations]"
Add component (AddParameter): Name = "Height"; Value = "4.3mm"; VariantName = "[No Variations]"
Add component (AddParameter): Name = "Isolation Voltage"; Value = "5kV"; VariantName = "[No Variations]"
Add component (AddParameter): Name = "Length"; Value = "10.15mm"; VariantName = "[No Variations]"
Add component (AddParameter): Name = "Max Operating Temperature"; Value = "110°C"; VariantName = "[No Variations]"
Add component (AddParameter): Name = "Max Reverse Voltage (DC)"; Value = "6V"; VariantName = "[No Variations]"
Add component (AddParameter): Name = "Min Operating Temperature"; Value = "-55°C"; VariantName = "[No Variations]"
Add component (AddParameter): Name = "NexarPartId"; Value = "114060698"; VariantName = "[No Variations]"
Add component (AddParameter): Name = "RoHS"; Value = "Compliant"; VariantName = "[No Variations]"
Add component (AddParameter): Name = "Width"; Value = "4.58mm"; VariantName = "[No Variations]"
Added Component: Designator=Q12(WL-OCPT_DIP4_S-Type)
Add component (AddParameter): Name = "Forward Current"; Value = "60mA"; VariantName = "[No Variations]"
Add component (AddParameter): Name = "Forward Voltage"; Value = "1.24V"; VariantName = "[No Variations]"
Add component (AddParameter): Name = "Height"; Value = "4.3mm"; VariantName = "[No Variations]"
Add component (AddParameter): Name = "Isolation Voltage"; Value = "5kV"; VariantName = "[No Variations]"
Add component (AddParameter): Name = "Length"; Value = "10.15mm"; VariantName = "[No Variations]"
Add component (AddParameter): Name = "Max Operating Temperature"; Value = "110°C"; VariantName = "[No Variations]"
Add component (AddParameter): Name = "Max Reverse Voltage (DC)"; Value = "6V"; VariantName = "[No Variations]"
Add component (AddParameter): Name = "Min Operating Temperature"; Value = "-55°C"; VariantName = "[No Variations]"
Add component (AddParameter): Name = "NexarPartId"; Value = "114060698"; VariantName = "[No Variations]"
Add component (AddParameter): Name = "RoHS"; Value = "Compliant"; VariantName = "[No Variations]"
Add component (AddParameter): Name = "Width"; Value = "4.58mm"; VariantName = "[No Variations]"
Added Component: Designator=Q13(WL-OCPT_DIP4_S-Type)
Add component (AddParameter): Name = "Forward Current"; Value = "60mA"; VariantName = "[No Variations]"
Add component (AddParameter): Name = "Forward Voltage"; Value = "1.24V"; VariantName = "[No Variations]"
Add component (AddParameter): Name = "Height"; Value = "4.3mm"; VariantName = "[No Variations]"
Add component (AddParameter): Name = "Isolation Voltage"; Value = "5kV"; VariantName = "[No Variations]"
Add component (AddParameter): Name = "Length"; Value = "10.15mm"; VariantName = "[No Variations]"
Add component (AddParameter): Name = "Max Operating Temperature"; Value = "110°C"; VariantName = "[No Variations]"
Add component (AddParameter): Name = "Max Reverse Voltage (DC)"; Value = "6V"; VariantName = "[No Variations]"
Add component (AddParameter): Name = "Min Operating Temperature"; Value = "-55°C"; VariantName = "[No Variations]"
Add component (AddParameter): Name = "NexarPartId"; Value = "114060698"; VariantName = "[No Variations]"
Add component (AddParameter): Name = "RoHS"; Value = "Compliant"; VariantName = "[No Variations]"
Add component (AddParameter): Name = "Width"; Value = "4.58mm"; VariantName = "[No Variations]"
Added Component: Designator=Q14(WL-OCPT_DIP4_S-Type)
Add component (AddParameter): Name = "Forward Current"; Value = "60mA"; VariantName = "[No Variations]"
Add component (AddParameter): Name = "Forward Voltage"; Value = "1.24V"; VariantName = "[No Variations]"
Add component (AddParameter): Name = "Height"; Value = "4.3mm"; VariantName = "[No Variations]"
Add component (AddParameter): Name = "Isolation Voltage"; Value = "5kV"; VariantName = "[No Variations]"
Add component (AddParameter): Name = "Length"; Value = "10.15mm"; VariantName = "[No Variations]"
Add component (AddParameter): Name = "Max Operating Temperature"; Value = "110°C"; VariantName = "[No Variations]"
Add component (AddParameter): Name = "Max Reverse Voltage (DC)"; Value = "6V"; VariantName = "[No Variations]"
Add component (AddParameter): Name = "Min Operating Temperature"; Value = "-55°C"; VariantName = "[No Variations]"
Add component (AddParameter): Name = "NexarPartId"; Value = "114060698"; VariantName = "[No Variations]"
Add component (AddParameter): Name = "RoHS"; Value = "Compliant"; VariantName = "[No Variations]"
Add component (AddParameter): Name = "Width"; Value = "4.58mm"; VariantName = "[No Variations]"
Added Component: Designator=Q15(WL-OCPT_DIP4_S-Type)
Add component (AddParameter): Name = "Forward Current"; Value = "60mA"; VariantName = "[No Variations]"
Add component (AddParameter): Name = "Forward Voltage"; Value = "1.24V"; VariantName = "[No Variations]"
Add component (AddParameter): Name = "Height"; Value = "4.3mm"; VariantName = "[No Variations]"
Add component (AddParameter): Name = "Isolation Voltage"; Value = "5kV"; VariantName = "[No Variations]"
Add component (AddParameter): Name = "Length"; Value = "10.15mm"; VariantName = "[No Variations]"
Add component (AddParameter): Name = "Max Operating Temperature"; Value = "110°C"; VariantName = "[No Variations]"
Add component (AddParameter): Name = "Max Reverse Voltage (DC)"; Value = "6V"; VariantName = "[No Variations]"
Add component (AddParameter): Name = "Min Operating Temperature"; Value = "-55°C"; VariantName = "[No Variations]"
Add component (AddParameter): Name = "NexarPartId"; Value = "114060698"; VariantName = "[No Variations]"
Add component (AddParameter): Name = "RoHS"; Value = "Compliant"; VariantName = "[No Variations]"
Add component (AddParameter): Name = "Width"; Value = "4.58mm"; VariantName = "[No Variations]"
Added Component: Designator=Q16(WL-OCPT_DIP4_S-Type)
Add component (AddParameter): Name = "Forward Current"; Value = "60mA"; VariantName = "[No Variations]"
Add component (AddParameter): Name = "Forward Voltage"; Value = "1.24V"; VariantName = "[No Variations]"
Add component (AddParameter): Name = "Height"; Value = "4.3mm"; VariantName = "[No Variations]"
Add component (AddParameter): Name = "Isolation Voltage"; Value = "5kV"; VariantName = "[No Variations]"
Add component (AddParameter): Name = "Length"; Value = "10.15mm"; VariantName = "[No Variations]"
Add component (AddParameter): Name = "Max Operating Temperature"; Value = "110°C"; VariantName = "[No Variations]"
Add component (AddParameter): Name = "Max Reverse Voltage (DC)"; Value = "6V"; VariantName = "[No Variations]"
Add component (AddParameter): Name = "Min Operating Temperature"; Value = "-55°C"; VariantName = "[No Variations]"
Add component (AddParameter): Name = "NexarPartId"; Value = "114060698"; VariantName = "[No Variations]"
Add component (AddParameter): Name = "RoHS"; Value = "Compliant"; VariantName = "[No Variations]"
Add component (AddParameter): Name = "Width"; Value = "4.58mm"; VariantName = "[No Variations]"
Added Component: Designator=Q17(WL-OCPT_DIP4_S-Type)
Add component (AddParameter): Name = "Forward Current"; Value = "60mA"; VariantName = "[No Variations]"
Add component (AddParameter): Name = "Forward Voltage"; Value = "1.24V"; VariantName = "[No Variations]"
Add component (AddParameter): Name = "Height"; Value = "4.3mm"; VariantName = "[No Variations]"
Add component (AddParameter): Name = "Isolation Voltage"; Value = "5kV"; VariantName = "[No Variations]"
Add component (AddParameter): Name = "Length"; Value = "10.15mm"; VariantName = "[No Variations]"
Add component (AddParameter): Name = "Max Operating Temperature"; Value = "110°C"; VariantName = "[No Variations]"
Add component (AddParameter): Name = "Max Reverse Voltage (DC)"; Value = "6V"; VariantName = "[No Variations]"
Add component (AddParameter): Name = "Min Operating Temperature"; Value = "-55°C"; VariantName = "[No Variations]"
Add component (AddParameter): Name = "NexarPartId"; Value = "114060698"; VariantName = "[No Variations]"
Add component (AddParameter): Name = "RoHS"; Value = "Compliant"; VariantName = "[No Variations]"
Add component (AddParameter): Name = "Width"; Value = "4.58mm"; VariantName = "[No Variations]"
Added Component: Designator=Q18(WL-OCPT_DIP4_S-Type)
Add component (AddParameter): Name = "Forward Current"; Value = "60mA"; VariantName = "[No Variations]"
Add component (AddParameter): Name = "Forward Voltage"; Value = "1.24V"; VariantName = "[No Variations]"
Add component (AddParameter): Name = "Height"; Value = "4.3mm"; VariantName = "[No Variations]"
Add component (AddParameter): Name = "Isolation Voltage"; Value = "5kV"; VariantName = "[No Variations]"
Add component (AddParameter): Name = "Length"; Value = "10.15mm"; VariantName = "[No Variations]"
Add component (AddParameter): Name = "Max Operating Temperature"; Value = "110°C"; VariantName = "[No Variations]"
Add component (AddParameter): Name = "Max Reverse Voltage (DC)"; Value = "6V"; VariantName = "[No Variations]"
Add component (AddParameter): Name = "Min Operating Temperature"; Value = "-55°C"; VariantName = "[No Variations]"
Add component (AddParameter): Name = "NexarPartId"; Value = "114060698"; VariantName = "[No Variations]"
Add component (AddParameter): Name = "RoHS"; Value = "Compliant"; VariantName = "[No Variations]"
Add component (AddParameter): Name = "Width"; Value = "4.58mm"; VariantName = "[No Variations]"
Added Component: Designator=Q19(WL-OCPT_DIP4_S-Type)
Add component (AddParameter): Name = "Forward Current"; Value = "60mA"; VariantName = "[No Variations]"
Add component (AddParameter): Name = "Forward Voltage"; Value = "1.24V"; VariantName = "[No Variations]"
Add component (AddParameter): Name = "Height"; Value = "4.3mm"; VariantName = "[No Variations]"
Add component (AddParameter): Name = "Isolation Voltage"; Value = "5kV"; VariantName = "[No Variations]"
Add component (AddParameter): Name = "Length"; Value = "10.15mm"; VariantName = "[No Variations]"
Add component (AddParameter): Name = "Max Operating Temperature"; Value = "110°C"; VariantName = "[No Variations]"
Add component (AddParameter): Name = "Max Reverse Voltage (DC)"; Value = "6V"; VariantName = "[No Variations]"
Add component (AddParameter): Name = "Min Operating Temperature"; Value = "-55°C"; VariantName = "[No Variations]"
Add component (AddParameter): Name = "NexarPartId"; Value = "114060698"; VariantName = "[No Variations]"
Add component (AddParameter): Name = "RoHS"; Value = "Compliant"; VariantName = "[No Variations]"
Add component (AddParameter): Name = "Width"; Value = "4.58mm"; VariantName = "[No Variations]"
Added Component: Designator=Q20(WL-OCPT_DIP4_S-Type)
Add component (AddParameter): Name = "Forward Current"; Value = "60mA"; VariantName = "[No Variations]"
Add component (AddParameter): Name = "Forward Voltage"; Value = "1.24V"; VariantName = "[No Variations]"
Add component (AddParameter): Name = "Height"; Value = "4.3mm"; VariantName = "[No Variations]"
Add component (AddParameter): Name = "Isolation Voltage"; Value = "5kV"; VariantName = "[No Variations]"
Add component (AddParameter): Name = "Length"; Value = "10.15mm"; VariantName = "[No Variations]"
Add component (AddParameter): Name = "Max Operating Temperature"; Value = "110°C"; VariantName = "[No Variations]"
Add component (AddParameter): Name = "Max Reverse Voltage (DC)"; Value = "6V"; VariantName = "[No Variations]"
Add component (AddParameter): Name = "Min Operating Temperature"; Value = "-55°C"; VariantName = "[No Variations]"
Add component (AddParameter): Name = "NexarPartId"; Value = "114060698"; VariantName = "[No Variations]"
Add component (AddParameter): Name = "RoHS"; Value = "Compliant"; VariantName = "[No Variations]"
Add component (AddParameter): Name = "Width"; Value = "4.58mm"; VariantName = "[No Variations]"
Added Component: Designator=Q21(WL-OCPT_DIP4_S-Type)
Add component (AddParameter): Name = "Forward Current"; Value = "60mA"; VariantName = "[No Variations]"
Add component (AddParameter): Name = "Forward Voltage"; Value = "1.24V"; VariantName = "[No Variations]"
Add component (AddParameter): Name = "Height"; Value = "4.3mm"; VariantName = "[No Variations]"
Add component (AddParameter): Name = "Isolation Voltage"; Value = "5kV"; VariantName = "[No Variations]"
Add component (AddParameter): Name = "Length"; Value = "10.15mm"; VariantName = "[No Variations]"
Add component (AddParameter): Name = "Max Operating Temperature"; Value = "110°C"; VariantName = "[No Variations]"
Add component (AddParameter): Name = "Max Reverse Voltage (DC)"; Value = "6V"; VariantName = "[No Variations]"
Add component (AddParameter): Name = "Min Operating Temperature"; Value = "-55°C"; VariantName = "[No Variations]"
Add component (AddParameter): Name = "NexarPartId"; Value = "114060698"; VariantName = "[No Variations]"
Add component (AddParameter): Name = "RoHS"; Value = "Compliant"; VariantName = "[No Variations]"
Add component (AddParameter): Name = "Width"; Value = "4.58mm"; VariantName = "[No Variations]"
Added Component: Designator=Q22(WL-OCPT_DIP4_S-Type)
Add component (AddParameter): Name = "Forward Current"; Value = "60mA"; VariantName = "[No Variations]"
Add component (AddParameter): Name = "Forward Voltage"; Value = "1.24V"; VariantName = "[No Variations]"
Add component (AddParameter): Name = "Height"; Value = "4.3mm"; VariantName = "[No Variations]"
Add component (AddParameter): Name = "Isolation Voltage"; Value = "5kV"; VariantName = "[No Variations]"
Add component (AddParameter): Name = "Length"; Value = "10.15mm"; VariantName = "[No Variations]"
Add component (AddParameter): Name = "Max Operating Temperature"; Value = "110°C"; VariantName = "[No Variations]"
Add component (AddParameter): Name = "Max Reverse Voltage (DC)"; Value = "6V"; VariantName = "[No Variations]"
Add component (AddParameter): Name = "Min Operating Temperature"; Value = "-55°C"; VariantName = "[No Variations]"
Add component (AddParameter): Name = "NexarPartId"; Value = "114060698"; VariantName = "[No Variations]"
Add component (AddParameter): Name = "RoHS"; Value = "Compliant"; VariantName = "[No Variations]"
Add component (AddParameter): Name = "Width"; Value = "4.58mm"; VariantName = "[No Variations]"
Added Component: Designator=Q23(WL-OCPT_DIP4_S-Type)
Add component (AddParameter): Name = "Forward Current"; Value = "60mA"; VariantName = "[No Variations]"
Add component (AddParameter): Name = "Forward Voltage"; Value = "1.24V"; VariantName = "[No Variations]"
Add component (AddParameter): Name = "Height"; Value = "4.3mm"; VariantName = "[No Variations]"
Add component (AddParameter): Name = "Isolation Voltage"; Value = "5kV"; VariantName = "[No Variations]"
Add component (AddParameter): Name = "Length"; Value = "10.15mm"; VariantName = "[No Variations]"
Add component (AddParameter): Name = "Max Operating Temperature"; Value = "110°C"; VariantName = "[No Variations]"
Add component (AddParameter): Name = "Max Reverse Voltage (DC)"; Value = "6V"; VariantName = "[No Variations]"
Add component (AddParameter): Name = "Min Operating Temperature"; Value = "-55°C"; VariantName = "[No Variations]"
Add component (AddParameter): Name = "NexarPartId"; Value = "114060698"; VariantName = "[No Variations]"
Add component (AddParameter): Name = "RoHS"; Value = "Compliant"; VariantName = "[No Variations]"
Add component (AddParameter): Name = "Width"; Value = "4.58mm"; VariantName = "[No Variations]"
Added Component: Designator=Q24(WL-OCPT_DIP4_S-Type)
Add component (AddParameter): Name = "Forward Current"; Value = "60mA"; VariantName = "[No Variations]"
Add component (AddParameter): Name = "Forward Voltage"; Value = "1.24V"; VariantName = "[No Variations]"
Add component (AddParameter): Name = "Height"; Value = "4.3mm"; VariantName = "[No Variations]"
Add component (AddParameter): Name = "Isolation Voltage"; Value = "5kV"; VariantName = "[No Variations]"
Add component (AddParameter): Name = "Length"; Value = "10.15mm"; VariantName = "[No Variations]"
Add component (AddParameter): Name = "Max Operating Temperature"; Value = "110°C"; VariantName = "[No Variations]"
Add component (AddParameter): Name = "Max Reverse Voltage (DC)"; Value = "6V"; VariantName = "[No Variations]"
Add component (AddParameter): Name = "Min Operating Temperature"; Value = "-55°C"; VariantName = "[No Variations]"
Add component (AddParameter): Name = "NexarPartId"; Value = "114060698"; VariantName = "[No Variations]"
Add component (AddParameter): Name = "RoHS"; Value = "Compliant"; VariantName = "[No Variations]"
Add component (AddParameter): Name = "Width"; Value = "4.58mm"; VariantName = "[No Variations]"
Added Component: Designator=Q25(WL-OCPT_DIP4_S-Type)
Add component (AddParameter): Name = "Forward Current"; Value = "60mA"; VariantName = "[No Variations]"
Add component (AddParameter): Name = "Forward Voltage"; Value = "1.24V"; VariantName = "[No Variations]"
Add component (AddParameter): Name = "Height"; Value = "4.3mm"; VariantName = "[No Variations]"
Add component (AddParameter): Name = "Isolation Voltage"; Value = "5kV"; VariantName = "[No Variations]"
Add component (AddParameter): Name = "Length"; Value = "10.15mm"; VariantName = "[No Variations]"
Add component (AddParameter): Name = "Max Operating Temperature"; Value = "110°C"; VariantName = "[No Variations]"
Add component (AddParameter): Name = "Max Reverse Voltage (DC)"; Value = "6V"; VariantName = "[No Variations]"
Add component (AddParameter): Name = "Min Operating Temperature"; Value = "-55°C"; VariantName = "[No Variations]"
Add component (AddParameter): Name = "NexarPartId"; Value = "114060698"; VariantName = "[No Variations]"
Add component (AddParameter): Name = "RoHS"; Value = "Compliant"; VariantName = "[No Variations]"
Add component (AddParameter): Name = "Width"; Value = "4.58mm"; VariantName = "[No Variations]"
Added Component: Designator=Q26(WL-OCPT_DIP4_S-Type)
Add component (AddParameter): Name = "Forward Current"; Value = "60mA"; VariantName = "[No Variations]"
Add component (AddParameter): Name = "Forward Voltage"; Value = "1.24V"; VariantName = "[No Variations]"
Add component (AddParameter): Name = "Height"; Value = "4.3mm"; VariantName = "[No Variations]"
Add component (AddParameter): Name = "Isolation Voltage"; Value = "5kV"; VariantName = "[No Variations]"
Add component (AddParameter): Name = "Length"; Value = "10.15mm"; VariantName = "[No Variations]"
Add component (AddParameter): Name = "Max Operating Temperature"; Value = "110°C"; VariantName = "[No Variations]"
Add component (AddParameter): Name = "Max Reverse Voltage (DC)"; Value = "6V"; VariantName = "[No Variations]"
Add component (AddParameter): Name = "Min Operating Temperature"; Value = "-55°C"; VariantName = "[No Variations]"
Add component (AddParameter): Name = "NexarPartId"; Value = "114060698"; VariantName = "[No Variations]"
Add component (AddParameter): Name = "RoHS"; Value = "Compliant"; VariantName = "[No Variations]"
Add component (AddParameter): Name = "Width"; Value = "4.58mm"; VariantName = "[No Variations]"
Added Component: Designator=Q27(FP-PG-SOT23-3-IPC_C)
Add component (AddParameter): Name = "Case/Package"; Value = "SOT-23"; VariantName = "[No Variations]"
Add component (AddParameter): Name = "Continuous Drain Current (ID)"; Value = "600mA"; VariantName = "[No Variations]"
Add component (AddParameter): Name = "Drain to Source Voltage (Vdss)"; Value = "-20V"; VariantName = "[No Variations]"
Add component (AddParameter): Name = "Max Operating Temperature"; Value = "150°C"; VariantName = "[No Variations]"
Add component (AddParameter): Name = "Max Power Dissipation"; Value = "400mW"; VariantName = "[No Variations]"
Add component (AddParameter): Name = "Number of Pins"; Value = "3"; VariantName = "[No Variations]"
Add component (AddParameter): Name = "Reach SVHC Compliant"; Value = "Yes"; VariantName = "[No Variations]"
Add component (AddParameter): Name = "RoHS Compliant"; Value = "Yes"; VariantName = "[No Variations]"
Add component (AddParameter): Name = "Threshold Voltage"; Value = "-1.5V"; VariantName = "[No Variations]"
Added Component: Designator=Q28(FP-PG-SOT23-3-IPC_C)
Add component (AddParameter): Name = "Case/Package"; Value = "SOT-23"; VariantName = "[No Variations]"
Add component (AddParameter): Name = "Continuous Drain Current (ID)"; Value = "600mA"; VariantName = "[No Variations]"
Add component (AddParameter): Name = "Drain to Source Voltage (Vdss)"; Value = "-20V"; VariantName = "[No Variations]"
Add component (AddParameter): Name = "Max Operating Temperature"; Value = "150°C"; VariantName = "[No Variations]"
Add component (AddParameter): Name = "Max Power Dissipation"; Value = "400mW"; VariantName = "[No Variations]"
Add component (AddParameter): Name = "Number of Pins"; Value = "3"; VariantName = "[No Variations]"
Add component (AddParameter): Name = "Reach SVHC Compliant"; Value = "Yes"; VariantName = "[No Variations]"
Add component (AddParameter): Name = "RoHS Compliant"; Value = "Yes"; VariantName = "[No Variations]"
Add component (AddParameter): Name = "Threshold Voltage"; Value = "-1.5V"; VariantName = "[No Variations]"
Added Component: Designator=Q29(FP-PG-SOT23-3-IPC_C)
Add component (AddParameter): Name = "Case/Package"; Value = "SOT-23"; VariantName = "[No Variations]"
Add component (AddParameter): Name = "Continuous Drain Current (ID)"; Value = "600mA"; VariantName = "[No Variations]"
Add component (AddParameter): Name = "Drain to Source Voltage (Vdss)"; Value = "-20V"; VariantName = "[No Variations]"
Add component (AddParameter): Name = "Max Operating Temperature"; Value = "150°C"; VariantName = "[No Variations]"
Add component (AddParameter): Name = "Max Power Dissipation"; Value = "400mW"; VariantName = "[No Variations]"
Add component (AddParameter): Name = "Number of Pins"; Value = "3"; VariantName = "[No Variations]"
Add component (AddParameter): Name = "Reach SVHC Compliant"; Value = "Yes"; VariantName = "[No Variations]"
Add component (AddParameter): Name = "RoHS Compliant"; Value = "Yes"; VariantName = "[No Variations]"
Add component (AddParameter): Name = "Threshold Voltage"; Value = "-1.5V"; VariantName = "[No Variations]"
Added Component: Designator=R1(RESC2013X60X35NL10T20)
Add component (AddParameter): Name = "Manufacturer"; Value = "Yageo"; VariantName = "[No Variations]"
Add component (AddParameter): Name = "Part Number"; Value = "RC0805FR-07562KL"; VariantName = "[No Variations]"
Added Component: Designator=R2(RESC0805(2012)_M)
Add component (AddParameter): Name = "Case-EIA"; Value = "0805"; VariantName = "[No Variations]"
Add component (AddParameter): Name = "Case-Metric"; Value = "2012"; VariantName = "[No Variations]"
Add component (AddParameter): Name = "Power"; Value = "0.125 W"; VariantName = "[No Variations]"
Add component (AddParameter): Name = "Technology"; Value = "SMT"; VariantName = "[No Variations]"
Add component (AddParameter): Name = "Tolerance"; Value = "1 %"; VariantName = "[No Variations]"
Add component (AddParameter): Name = "Value"; Value = "464000.00 Ohm"; VariantName = "[No Variations]"
Added Component: Designator=R3(FP-RN732A-MFG)
Add component (AddParameter): Name = "Automotive"; Value = "No"; VariantName = "[No Variations]"
Add component (AddParameter): Name = "Category"; Value = "Res"; VariantName = "[No Variations]"
Add component (AddParameter): Name = "ComponentLink2Description"; Value = "Datasheet"; VariantName = "[No Variations]"
Add component (AddParameter): Name = "ComponentLink2URL"; Value = "https://www.te.com/commerce/DocumentDelivery/DDEController?Action=showdoc&DocId=Data+Sheet%7F1773270%7FP%7Fpdf%7FEnglish%7FENG_DS_1773270_P.pdf%7F1676162-2"; VariantName = "[No Variations]"
Add component (AddParameter): Name = "Composition"; Value = "Thin Film"; VariantName = "[No Variations]"
Add component (AddParameter): Name = "Device Class L1"; Value = "Passive Components"; VariantName = "[No Variations]"
Add component (AddParameter): Name = "Device Class L2"; Value = "Resistors"; VariantName = "[No Variations]"
Add component (AddParameter): Name = "Device Class L3"; Value = "Chip SMD Resistors"; VariantName = "[No Variations]"
Add component (AddParameter): Name = "Height"; Value = "0.65mm"; VariantName = "[No Variations]"
Add component (AddParameter): Name = "Ipc Land Pattern Name"; Value = "RESC200125X55"; VariantName = "[No Variations]"
Add component (AddParameter): Name = "Lead Free"; Value = "Yes"; VariantName = "[No Variations]"
Add component (AddParameter): Name = "Manufacturer"; Value = "TE Connectivity"; VariantName = "[No Variations]"
Add component (AddParameter): Name = "Manufacturer Part Number"; Value = "RN73C2A100KB"; VariantName = "[No Variations]"
Add component (AddParameter): Name = "Octopart"; Value = "https://octopart.com/rn73c2a100kb-te+connectivity-16078029"; VariantName = "[No Variations]"
Add component (AddParameter): Name = "octopart_url"; Value = "https://octopart.com/rn73c2a100kb-te+connectivity-16078029"; VariantName = "[No Variations]"
Add component (AddParameter): Name = "Package"; Value = "RN732A"; VariantName = "[No Variations]"
Add component (AddParameter): Name = "packaging"; Value = "Custom"; VariantName = "[No Variations]"
Add component (AddParameter): Name = "Power Rating"; Value = "0.1W"; VariantName = "[No Variations]"
Add component (AddParameter): Name = "Resistance"; Value = "100K?"; VariantName = "[No Variations]"
Add component (AddParameter): Name = "RoHS"; Value = "TRUE"; VariantName = "[No Variations]"
Add component (AddParameter): Name = "Series"; Value = "RN73"; VariantName = "[No Variations]"
Add component (AddParameter): Name = "Temperature"; Value = "-55°C to 155°C"; VariantName = "[No Variations]"
Add component (AddParameter): Name = "Temperature Coefficient"; Value = "10ppm/°C"; VariantName = "[No Variations]"
Add component (AddParameter): Name = "Temperature Range High"; Value = "155°C"; VariantName = "[No Variations]"
Add component (AddParameter): Name = "Temperature Range Low"; Value = "-55°C"; VariantName = "[No Variations]"
Add component (AddParameter): Name = "Tolerance"; Value = "0.1%"; VariantName = "[No Variations]"
Add component (AddParameter): Name = "Value"; Value = "100K?"; VariantName = "[No Variations]"
Add component (AddParameter): Name = "Voltage Rating"; Value = "100V"; VariantName = "[No Variations]"
Added Component: Designator=R4(FP-RQ73C2A-IPC_C)
Add component (AddParameter): Name = "Automotive"; Value = "Yes"; VariantName = "[No Variations]"
Add component (AddParameter): Name = "Automotive Grade"; Value = "Grade 0"; VariantName = "[No Variations]"
Add component (AddParameter): Name = "Category"; Value = "Res"; VariantName = "[No Variations]"
Add component (AddParameter): Name = "ComponentLink2Description"; Value = "Datasheet"; VariantName = "[No Variations]"
Add component (AddParameter): Name = "ComponentLink2URL"; Value = "https://www.te.com/commerce/DocumentDelivery/DDEController?Action=showdoc&DocId=Data+Sheet%7F1773270-2%7FA%7Fpdf%7FEnglish%7FENG_DS_1773270-2_A.pdf%7F8-2176381-605"; VariantName = "[No Variations]"
Add component (AddParameter): Name = "Composition"; Value = "Thin Film"; VariantName = "[No Variations]"
Add component (AddParameter): Name = "Device Class L1"; Value = "Passive Components"; VariantName = "[No Variations]"
Add component (AddParameter): Name = "Device Class L2"; Value = "Resistors"; VariantName = "[No Variations]"
Add component (AddParameter): Name = "Device Class L3"; Value = "Chip SMD Resistors"; VariantName = "[No Variations]"
Add component (AddParameter): Name = "Height"; Value = "0.65mm"; VariantName = "[No Variations]"
Add component (AddParameter): Name = "Ipc Land Pattern Name"; Value = "RESC200125X50"; VariantName = "[No Variations]"
Add component (AddParameter): Name = "Lead Free"; Value = "Yes"; VariantName = "[No Variations]"
Add component (AddParameter): Name = "Manufacturer"; Value = "TE Connectivity"; VariantName = "[No Variations]"
Add component (AddParameter): Name = "Manufacturer Part Number"; Value = "RQ73C2A178KBTD"; VariantName = "[No Variations]"
Add component (AddParameter): Name = "Octopart"; Value = "https://octopart.com/rq73c2a178kbtd-te+connectivity-93909602"; VariantName = "[No Variations]"
Add component (AddParameter): Name = "Package"; Value = "RQ73C2A"; VariantName = "[No Variations]"
Add component (AddParameter): Name = "Power Rating"; Value = "0.2W"; VariantName = "[No Variations]"
Add component (AddParameter): Name = "Resistance"; Value = "178K?"; VariantName = "[No Variations]"
Add component (AddParameter): Name = "RoHS"; Value = "TRUE"; VariantName = "[No Variations]"
Add component (AddParameter): Name = "Series"; Value = "RQ73"; VariantName = "[No Variations]"
Add component (AddParameter): Name = "Temperature"; Value = "-55°C to +155°C"; VariantName = "[No Variations]"
Add component (AddParameter): Name = "Temperature Coefficient"; Value = "10ppm/°C"; VariantName = "[No Variations]"
Add component (AddParameter): Name = "Temperature Range High"; Value = "+155°C"; VariantName = "[No Variations]"
Add component (AddParameter): Name = "Temperature Range Low"; Value = "-55°C"; VariantName = "[No Variations]"
Add component (AddParameter): Name = "Tolerance"; Value = "0.1%"; VariantName = "[No Variations]"
Add component (AddParameter): Name = "Value"; Value = "178K?"; VariantName = "[No Variations]"
Add component (AddParameter): Name = "Voltage Rating"; Value = "100V"; VariantName = "[No Variations]"
Added Component: Designator=R5(RESC2013X60X35LL10T20)
Add component (AddParameter): Name = "Manufacturer"; Value = "Yageo"; VariantName = "[No Variations]"
Add component (AddParameter): Name = "Part Number"; Value = "RC0805FR-073M92L"; VariantName = "[No Variations]"
Added Component: Designator=R6(RESC2013X60X30NL20T20)
Add component (AddParameter): Name = "Manufacturer"; Value = "KOA Speer"; VariantName = "[No Variations]"
Add component (AddParameter): Name = "Part Number"; Value = "RK73H2ATTD2100F"; VariantName = "[No Variations]"
Added Component: Designator=R7(RESC0805(2012)_L)
Add component (AddParameter): Name = "Case-EIA"; Value = "0805"; VariantName = "[No Variations]"
Add component (AddParameter): Name = "Case-Metric"; Value = "2012"; VariantName = "[No Variations]"
Add component (AddParameter): Name = "Power"; Value = "0.125 W"; VariantName = "[No Variations]"
Add component (AddParameter): Name = "Technology"; Value = "SMT"; VariantName = "[No Variations]"
Add component (AddParameter): Name = "Tolerance"; Value = "1 %"; VariantName = "[No Variations]"
Add component (AddParameter): Name = "Value"; Value = "33000.00 Ohm"; VariantName = "[No Variations]"
Added Component: Designator=R8(RESC2013X60X30NL20T20)
Add component (AddParameter): Name = "Manufacturer"; Value = "KOA Speer"; VariantName = "[No Variations]"
Add component (AddParameter): Name = "Part Number"; Value = "RK73H2ATTD2100F"; VariantName = "[No Variations]"
Added Component: Designator=R9(FP-RN73R2A-IPC_A)
Added Component: Designator=R10(RESC2013X50X30NL20T20)
Add component (AddParameter): Name = "Manufacturer"; Value = "Vishay Dale"; VariantName = "[No Variations]"
Add component (AddParameter): Name = "Part Number"; Value = "CRCW080562R0JNTA"; VariantName = "[No Variations]"
Added Component: Designator=R11(RESC2013X50X30NL20T20)
Add component (AddParameter): Name = "Manufacturer"; Value = "Vishay Dale"; VariantName = "[No Variations]"
Add component (AddParameter): Name = "Part Number"; Value = "CRCW080562R0JNTA"; VariantName = "[No Variations]"
Added Component: Designator=R12(RESC2013X50X30NL20T20)
Add component (AddParameter): Name = "Manufacturer"; Value = "Vishay Dale"; VariantName = "[No Variations]"
Add component (AddParameter): Name = "Part Number"; Value = "CRCW080562R0JNTA"; VariantName = "[No Variations]"
Added Component: Designator=R13(RESC2013X50X30NL20T20)
Add component (AddParameter): Name = "Manufacturer"; Value = "Vishay Dale"; VariantName = "[No Variations]"
Add component (AddParameter): Name = "Part Number"; Value = "CRCW080562R0JNTA"; VariantName = "[No Variations]"
Added Component: Designator=R14(RESC2013X50X30NL20T20)
Add component (AddParameter): Name = "Manufacturer"; Value = "Vishay Dale"; VariantName = "[No Variations]"
Add component (AddParameter): Name = "Part Number"; Value = "CRCW080562R0JNTA"; VariantName = "[No Variations]"
Added Component: Designator=R15(RESC2013X50X30NL20T20)
Add component (AddParameter): Name = "Manufacturer"; Value = "Vishay Dale"; VariantName = "[No Variations]"
Add component (AddParameter): Name = "Part Number"; Value = "CRCW080562R0JNTA"; VariantName = "[No Variations]"
Added Component: Designator=R16(RESC2013X50X30NL20T20)
Add component (AddParameter): Name = "Manufacturer"; Value = "Vishay Dale"; VariantName = "[No Variations]"
Add component (AddParameter): Name = "Part Number"; Value = "CRCW080562R0JNTA"; VariantName = "[No Variations]"
Added Component: Designator=R17(RESC2013X50X30NL20T20)
Add component (AddParameter): Name = "Manufacturer"; Value = "Vishay Dale"; VariantName = "[No Variations]"
Add component (AddParameter): Name = "Part Number"; Value = "CRCW080562R0JNTA"; VariantName = "[No Variations]"
Added Component: Designator=R18(RESC2013X50X30NL20T20)
Add component (AddParameter): Name = "Manufacturer"; Value = "Vishay Dale"; VariantName = "[No Variations]"
Add component (AddParameter): Name = "Part Number"; Value = "CRCW080562R0JNTA"; VariantName = "[No Variations]"
Added Component: Designator=R19(RESC2013X50X30NL20T20)
Add component (AddParameter): Name = "Manufacturer"; Value = "Vishay Dale"; VariantName = "[No Variations]"
Add component (AddParameter): Name = "Part Number"; Value = "CRCW080562R0JNTA"; VariantName = "[No Variations]"
Added Component: Designator=R20(RESC2013X50X30NL20T20)
Add component (AddParameter): Name = "Manufacturer"; Value = "Vishay Dale"; VariantName = "[No Variations]"
Add component (AddParameter): Name = "Part Number"; Value = "CRCW080562R0JNTA"; VariantName = "[No Variations]"
Added Component: Designator=R21(RESC2013X50X30NL20T20)
Add component (AddParameter): Name = "Manufacturer"; Value = "Vishay Dale"; VariantName = "[No Variations]"
Add component (AddParameter): Name = "Part Number"; Value = "CRCW080562R0JNTA"; VariantName = "[No Variations]"
Added Component: Designator=R22(RESC2013X50X30NL20T20)
Add component (AddParameter): Name = "Manufacturer"; Value = "Vishay Dale"; VariantName = "[No Variations]"
Add component (AddParameter): Name = "Part Number"; Value = "CRCW080562R0JNTA"; VariantName = "[No Variations]"
Added Component: Designator=R23(RESC2013X50X30NL20T20)
Add component (AddParameter): Name = "Manufacturer"; Value = "Vishay Dale"; VariantName = "[No Variations]"
Add component (AddParameter): Name = "Part Number"; Value = "CRCW080562R0JNTA"; VariantName = "[No Variations]"
Added Component: Designator=R24(RESC2013X50X30NL20T20)
Add component (AddParameter): Name = "Manufacturer"; Value = "Vishay Dale"; VariantName = "[No Variations]"
Add component (AddParameter): Name = "Part Number"; Value = "CRCW080562R0JNTA"; VariantName = "[No Variations]"
Added Component: Designator=R25(RESC2013X50X30NL20T20)
Add component (AddParameter): Name = "Manufacturer"; Value = "Vishay Dale"; VariantName = "[No Variations]"
Add component (AddParameter): Name = "Part Number"; Value = "CRCW080562R0JNTA"; VariantName = "[No Variations]"
Added Component: Designator=R26(RESC2013X50X30NL20T20)
Add component (AddParameter): Name = "Manufacturer"; Value = "Vishay Dale"; VariantName = "[No Variations]"
Add component (AddParameter): Name = "Part Number"; Value = "CRCW080562R0JNTA"; VariantName = "[No Variations]"
Added Component: Designator=R27(RESC2013X50X30NL20T20)
Add component (AddParameter): Name = "Manufacturer"; Value = "Vishay Dale"; VariantName = "[No Variations]"
Add component (AddParameter): Name = "Part Number"; Value = "CRCW080562R0JNTA"; VariantName = "[No Variations]"
Added Component: Designator=R28(RESC2013X50X30NL20T20)
Add component (AddParameter): Name = "Manufacturer"; Value = "Vishay Dale"; VariantName = "[No Variations]"
Add component (AddParameter): Name = "Part Number"; Value = "CRCW080562R0JNTA"; VariantName = "[No Variations]"
Added Component: Designator=R29(RESC2013X50X30NL20T20)
Add component (AddParameter): Name = "Manufacturer"; Value = "Vishay Dale"; VariantName = "[No Variations]"
Add component (AddParameter): Name = "Part Number"; Value = "CRCW080562R0JNTA"; VariantName = "[No Variations]"
Added Component: Designator=R30(RESC2013X50X30NL20T20)
Add component (AddParameter): Name = "Manufacturer"; Value = "Vishay Dale"; VariantName = "[No Variations]"
Add component (AddParameter): Name = "Part Number"; Value = "CRCW080562R0JNTA"; VariantName = "[No Variations]"
Added Component: Designator=R31(RESC2013X50X30NL20T20)
Add component (AddParameter): Name = "Manufacturer"; Value = "Vishay Dale"; VariantName = "[No Variations]"
Add component (AddParameter): Name = "Part Number"; Value = "CRCW080562R0JNTA"; VariantName = "[No Variations]"
Added Component: Designator=R32(RESC2013X50X30NL20T20)
Add component (AddParameter): Name = "Manufacturer"; Value = "Vishay Dale"; VariantName = "[No Variations]"
Add component (AddParameter): Name = "Part Number"; Value = "CRCW080562R0JNTA"; VariantName = "[No Variations]"
Added Component: Designator=R33(RESC2013X50X30NL20T20)
Add component (AddParameter): Name = "Manufacturer"; Value = "Vishay Dale"; VariantName = "[No Variations]"
Add component (AddParameter): Name = "Part Number"; Value = "CRCW080562R0JNTA"; VariantName = "[No Variations]"
Added Component: Designator=R34(RESC2013X50X30NL20T20)
Add component (AddParameter): Name = "Manufacturer"; Value = "Vishay Dale"; VariantName = "[No Variations]"
Add component (AddParameter): Name = "Part Number"; Value = "CRCW080562R0JNTA"; VariantName = "[No Variations]"
Added Component: Designator=R35(RESC0805(2012)_L)
Add component (AddParameter): Name = "Case-EIA"; Value = "0805"; VariantName = "[No Variations]"
Add component (AddParameter): Name = "Case-Metric"; Value = "2012"; VariantName = "[No Variations]"
Add component (AddParameter): Name = "Power"; Value = "0.125 W"; VariantName = "[No Variations]"
Add component (AddParameter): Name = "Technology"; Value = "SMT"; VariantName = "[No Variations]"
Add component (AddParameter): Name = "Tolerance"; Value = "5 %"; VariantName = "[No Variations]"
Add component (AddParameter): Name = "Value"; Value = "10000.00 Ohm"; VariantName = "[No Variations]"
Added Component: Designator=R36(RESC0805(2012)_L)
Add component (AddParameter): Name = "Case-EIA"; Value = "0805"; VariantName = "[No Variations]"
Add component (AddParameter): Name = "Case-Metric"; Value = "2012"; VariantName = "[No Variations]"
Add component (AddParameter): Name = "Power"; Value = "0.125 W"; VariantName = "[No Variations]"
Add component (AddParameter): Name = "Technology"; Value = "SMT"; VariantName = "[No Variations]"
Add component (AddParameter): Name = "Tolerance"; Value = "5 %"; VariantName = "[No Variations]"
Add component (AddParameter): Name = "Value"; Value = "10000.00 Ohm"; VariantName = "[No Variations]"
Added Component: Designator=R37(FP-RMCF0805-IPC_C)
Add component (AddParameter): Name = "Case Code (Imperial)"; Value = "0805"; VariantName = "[No Variations]"
Add component (AddParameter): Name = "Case Code (Metric)"; Value = "2012"; VariantName = "[No Variations]"
Add component (AddParameter): Name = "Case/Package"; Value = "0805"; VariantName = "[No Variations]"
Add component (AddParameter): Name = "Contact Plating"; Value = "Tin"; VariantName = "[No Variations]"
Add component (AddParameter): Name = "Features"; Value = "Automotive AEC-Q200"; VariantName = "[No Variations]"
Add component (AddParameter): Name = "Height"; Value = "0.026inch"; VariantName = "[No Variations]"
Add component (AddParameter): Name = "Length"; Value = "0.079inch"; VariantName = "[No Variations]"
Add component (AddParameter): Name = "Max Operating Temperature"; Value = "155°C"; VariantName = "[No Variations]"
Add component (AddParameter): Name = "Max Power Dissipation"; Value = "125mW"; VariantName = "[No Variations]"
Add component (AddParameter): Name = "Min Operating Temperature"; Value = "-55°C"; VariantName = "[No Variations]"
Add component (AddParameter): Name = "Mount"; Value = "Surface Mount"; VariantName = "[No Variations]"
Add component (AddParameter): Name = "Number of Terminations"; Value = "2"; VariantName = "[No Variations]"
Add component (AddParameter): Name = "Package Quantity"; Value = "5000"; VariantName = "[No Variations]"
Add component (AddParameter): Name = "Packaging"; Value = "Tape and Reel"; VariantName = "[No Variations]"
Add component (AddParameter): Name = "Radiation Hardening"; Value = "No"; VariantName = "[No Variations]"
Add component (AddParameter): Name = "Resistance"; Value = "91R"; VariantName = "[No Variations]"
Add component (AddParameter): Name = "Resistor Type"; Value = "Thick Film"; VariantName = "[No Variations]"
Add component (AddParameter): Name = "RoHS Compliant"; Value = "Yes"; VariantName = "[No Variations]"
Add component (AddParameter): Name = "Series"; Value = "RMCF"; VariantName = "[No Variations]"
Add component (AddParameter): Name = "Temperature Coefficient"; Value = "200ppm/°C"; VariantName = "[No Variations]"
Add component (AddParameter): Name = "Tolerance"; Value = "5%"; VariantName = "[No Variations]"
Add component (AddParameter): Name = "Width"; Value = "0.049inch"; VariantName = "[No Variations]"
Added Component: Designator=R38(FP-RMCF0805-IPC_C)
Add component (AddParameter): Name = "Case Code (Imperial)"; Value = "0805"; VariantName = "[No Variations]"
Add component (AddParameter): Name = "Case Code (Metric)"; Value = "2012"; VariantName = "[No Variations]"
Add component (AddParameter): Name = "Case/Package"; Value = "0805"; VariantName = "[No Variations]"
Add component (AddParameter): Name = "Contact Plating"; Value = "Tin"; VariantName = "[No Variations]"
Add component (AddParameter): Name = "Features"; Value = "Automotive AEC-Q200"; VariantName = "[No Variations]"
Add component (AddParameter): Name = "Height"; Value = "0.026inch"; VariantName = "[No Variations]"
Add component (AddParameter): Name = "Length"; Value = "0.079inch"; VariantName = "[No Variations]"
Add component (AddParameter): Name = "Max Operating Temperature"; Value = "155°C"; VariantName = "[No Variations]"
Add component (AddParameter): Name = "Max Power Dissipation"; Value = "125mW"; VariantName = "[No Variations]"
Add component (AddParameter): Name = "Min Operating Temperature"; Value = "-55°C"; VariantName = "[No Variations]"
Add component (AddParameter): Name = "Mount"; Value = "Surface Mount"; VariantName = "[No Variations]"
Add component (AddParameter): Name = "Number of Terminations"; Value = "2"; VariantName = "[No Variations]"
Add component (AddParameter): Name = "Package Quantity"; Value = "5000"; VariantName = "[No Variations]"
Add component (AddParameter): Name = "Packaging"; Value = "Tape and Reel"; VariantName = "[No Variations]"
Add component (AddParameter): Name = "Radiation Hardening"; Value = "No"; VariantName = "[No Variations]"
Add component (AddParameter): Name = "Resistance"; Value = "91R"; VariantName = "[No Variations]"
Add component (AddParameter): Name = "Resistor Type"; Value = "Thick Film"; VariantName = "[No Variations]"
Add component (AddParameter): Name = "RoHS Compliant"; Value = "Yes"; VariantName = "[No Variations]"
Add component (AddParameter): Name = "Series"; Value = "RMCF"; VariantName = "[No Variations]"
Add component (AddParameter): Name = "Temperature Coefficient"; Value = "200ppm/°C"; VariantName = "[No Variations]"
Add component (AddParameter): Name = "Tolerance"; Value = "5%"; VariantName = "[No Variations]"
Add component (AddParameter): Name = "Width"; Value = "0.049inch"; VariantName = "[No Variations]"
Added Component: Designator=R39(FP-RMCF0805-IPC_C)
Add component (AddParameter): Name = "Case Code (Imperial)"; Value = "0805"; VariantName = "[No Variations]"
Add component (AddParameter): Name = "Case Code (Metric)"; Value = "2012"; VariantName = "[No Variations]"
Add component (AddParameter): Name = "Case/Package"; Value = "0805"; VariantName = "[No Variations]"
Add component (AddParameter): Name = "Contact Plating"; Value = "Tin"; VariantName = "[No Variations]"
Add component (AddParameter): Name = "Features"; Value = "Automotive AEC-Q200"; VariantName = "[No Variations]"
Add component (AddParameter): Name = "Height"; Value = "0.026inch"; VariantName = "[No Variations]"
Add component (AddParameter): Name = "Length"; Value = "0.079inch"; VariantName = "[No Variations]"
Add component (AddParameter): Name = "Max Operating Temperature"; Value = "155°C"; VariantName = "[No Variations]"
Add component (AddParameter): Name = "Max Power Dissipation"; Value = "125mW"; VariantName = "[No Variations]"
Add component (AddParameter): Name = "Min Operating Temperature"; Value = "-55°C"; VariantName = "[No Variations]"
Add component (AddParameter): Name = "Mount"; Value = "Surface Mount"; VariantName = "[No Variations]"
Add component (AddParameter): Name = "Number of Terminations"; Value = "2"; VariantName = "[No Variations]"
Add component (AddParameter): Name = "Package Quantity"; Value = "5000"; VariantName = "[No Variations]"
Add component (AddParameter): Name = "Packaging"; Value = "Tape and Reel"; VariantName = "[No Variations]"
Add component (AddParameter): Name = "Radiation Hardening"; Value = "No"; VariantName = "[No Variations]"
Add component (AddParameter): Name = "Resistance"; Value = "91R"; VariantName = "[No Variations]"
Add component (AddParameter): Name = "Resistor Type"; Value = "Thick Film"; VariantName = "[No Variations]"
Add component (AddParameter): Name = "RoHS Compliant"; Value = "Yes"; VariantName = "[No Variations]"
Add component (AddParameter): Name = "Series"; Value = "RMCF"; VariantName = "[No Variations]"
Add component (AddParameter): Name = "Temperature Coefficient"; Value = "200ppm/°C"; VariantName = "[No Variations]"
Add component (AddParameter): Name = "Tolerance"; Value = "5%"; VariantName = "[No Variations]"
Add component (AddParameter): Name = "Width"; Value = "0.049inch"; VariantName = "[No Variations]"
Added Component: Designator=R40(FP-RN73R2A-IPC_A)
Added Component: Designator=R41(FP-RN73R2A-IPC_A)
Added Component: Designator=R42(FP-RN73R2A-IPC_A)
Added Component: Designator=R43(RESC0805(2012)_L)
Add component (AddParameter): Name = "Case-EIA"; Value = "0805"; VariantName = "[No Variations]"
Add component (AddParameter): Name = "Case-Metric"; Value = "2012"; VariantName = "[No Variations]"
Add component (AddParameter): Name = "Power"; Value = "0.125 W"; VariantName = "[No Variations]"
Add component (AddParameter): Name = "Technology"; Value = "SMT"; VariantName = "[No Variations]"
Add component (AddParameter): Name = "Tolerance"; Value = "5 %"; VariantName = "[No Variations]"
Add component (AddParameter): Name = "Value"; Value = "10000.00 Ohm"; VariantName = "[No Variations]"
Added Component: Designator=R44(RESC0805(2012)_L)
Add component (AddParameter): Name = "Case-EIA"; Value = "0805"; VariantName = "[No Variations]"
Add component (AddParameter): Name = "Case-Metric"; Value = "2012"; VariantName = "[No Variations]"
Add component (AddParameter): Name = "Power"; Value = "0.125 W"; VariantName = "[No Variations]"
Add component (AddParameter): Name = "Technology"; Value = "SMT"; VariantName = "[No Variations]"
Add component (AddParameter): Name = "Tolerance"; Value = "5 %"; VariantName = "[No Variations]"
Add component (AddParameter): Name = "Value"; Value = "10000.00 Ohm"; VariantName = "[No Variations]"
Added Component: Designator=R45(RESC0805(2012)_L)
Add component (AddParameter): Name = "Case-EIA"; Value = "0805"; VariantName = "[No Variations]"
Add component (AddParameter): Name = "Case-Metric"; Value = "2012"; VariantName = "[No Variations]"
Add component (AddParameter): Name = "Power"; Value = "0.125 W"; VariantName = "[No Variations]"
Add component (AddParameter): Name = "Technology"; Value = "SMT"; VariantName = "[No Variations]"
Add component (AddParameter): Name = "Tolerance"; Value = "5 %"; VariantName = "[No Variations]"
Add component (AddParameter): Name = "Value"; Value = "10000.00 Ohm"; VariantName = "[No Variations]"
Added Component: Designator=R46(RESC0805(2012)_L)
Add component (AddParameter): Name = "Case-EIA"; Value = "0805"; VariantName = "[No Variations]"
Add component (AddParameter): Name = "Case-Metric"; Value = "2012"; VariantName = "[No Variations]"
Add component (AddParameter): Name = "Power"; Value = "0.125 W"; VariantName = "[No Variations]"
Add component (AddParameter): Name = "Technology"; Value = "SMT"; VariantName = "[No Variations]"
Add component (AddParameter): Name = "Tolerance"; Value = "5 %"; VariantName = "[No Variations]"
Add component (AddParameter): Name = "Value"; Value = "10000.00 Ohm"; VariantName = "[No Variations]"
Added Component: Designator=R47(FP-RMCF0805-IPC_C)
Add component (AddParameter): Name = "Case Code (Imperial)"; Value = "0805"; VariantName = "[No Variations]"
Add component (AddParameter): Name = "Case Code (Metric)"; Value = "2012"; VariantName = "[No Variations]"
Add component (AddParameter): Name = "Case/Package"; Value = "0805"; VariantName = "[No Variations]"
Add component (AddParameter): Name = "Contact Plating"; Value = "Tin"; VariantName = "[No Variations]"
Add component (AddParameter): Name = "Features"; Value = "Automotive AEC-Q200"; VariantName = "[No Variations]"
Add component (AddParameter): Name = "Height"; Value = "0.026inch"; VariantName = "[No Variations]"
Add component (AddParameter): Name = "Length"; Value = "0.079inch"; VariantName = "[No Variations]"
Add component (AddParameter): Name = "Max Operating Temperature"; Value = "155°C"; VariantName = "[No Variations]"
Add component (AddParameter): Name = "Max Power Dissipation"; Value = "125mW"; VariantName = "[No Variations]"
Add component (AddParameter): Name = "Min Operating Temperature"; Value = "-55°C"; VariantName = "[No Variations]"
Add component (AddParameter): Name = "Mount"; Value = "Surface Mount"; VariantName = "[No Variations]"
Add component (AddParameter): Name = "Number of Terminations"; Value = "2"; VariantName = "[No Variations]"
Add component (AddParameter): Name = "Package Quantity"; Value = "5000"; VariantName = "[No Variations]"
Add component (AddParameter): Name = "Packaging"; Value = "Tape and Reel"; VariantName = "[No Variations]"
Add component (AddParameter): Name = "Radiation Hardening"; Value = "No"; VariantName = "[No Variations]"
Add component (AddParameter): Name = "Resistance"; Value = "91R"; VariantName = "[No Variations]"
Add component (AddParameter): Name = "Resistor Type"; Value = "Thick Film"; VariantName = "[No Variations]"
Add component (AddParameter): Name = "RoHS Compliant"; Value = "Yes"; VariantName = "[No Variations]"
Add component (AddParameter): Name = "Series"; Value = "RMCF"; VariantName = "[No Variations]"
Add component (AddParameter): Name = "Temperature Coefficient"; Value = "200ppm/°C"; VariantName = "[No Variations]"
Add component (AddParameter): Name = "Tolerance"; Value = "5%"; VariantName = "[No Variations]"
Add component (AddParameter): Name = "Width"; Value = "0.049inch"; VariantName = "[No Variations]"
Added Component: Designator=R48(FP-RMCF0805-IPC_C)
Add component (AddParameter): Name = "Case Code (Imperial)"; Value = "0805"; VariantName = "[No Variations]"
Add component (AddParameter): Name = "Case Code (Metric)"; Value = "2012"; VariantName = "[No Variations]"
Add component (AddParameter): Name = "Case/Package"; Value = "0805"; VariantName = "[No Variations]"
Add component (AddParameter): Name = "Contact Plating"; Value = "Tin"; VariantName = "[No Variations]"
Add component (AddParameter): Name = "Features"; Value = "Automotive AEC-Q200"; VariantName = "[No Variations]"
Add component (AddParameter): Name = "Height"; Value = "0.026inch"; VariantName = "[No Variations]"
Add component (AddParameter): Name = "Length"; Value = "0.079inch"; VariantName = "[No Variations]"
Add component (AddParameter): Name = "Max Operating Temperature"; Value = "155°C"; VariantName = "[No Variations]"
Add component (AddParameter): Name = "Max Power Dissipation"; Value = "125mW"; VariantName = "[No Variations]"
Add component (AddParameter): Name = "Min Operating Temperature"; Value = "-55°C"; VariantName = "[No Variations]"
Add component (AddParameter): Name = "Mount"; Value = "Surface Mount"; VariantName = "[No Variations]"
Add component (AddParameter): Name = "Number of Terminations"; Value = "2"; VariantName = "[No Variations]"
Add component (AddParameter): Name = "Package Quantity"; Value = "5000"; VariantName = "[No Variations]"
Add component (AddParameter): Name = "Packaging"; Value = "Tape and Reel"; VariantName = "[No Variations]"
Add component (AddParameter): Name = "Radiation Hardening"; Value = "No"; VariantName = "[No Variations]"
Add component (AddParameter): Name = "Resistance"; Value = "91R"; VariantName = "[No Variations]"
Add component (AddParameter): Name = "Resistor Type"; Value = "Thick Film"; VariantName = "[No Variations]"
Add component (AddParameter): Name = "RoHS Compliant"; Value = "Yes"; VariantName = "[No Variations]"
Add component (AddParameter): Name = "Series"; Value = "RMCF"; VariantName = "[No Variations]"
Add component (AddParameter): Name = "Temperature Coefficient"; Value = "200ppm/°C"; VariantName = "[No Variations]"
Add component (AddParameter): Name = "Tolerance"; Value = "5%"; VariantName = "[No Variations]"
Add component (AddParameter): Name = "Width"; Value = "0.049inch"; VariantName = "[No Variations]"
Added Component: Designator=R49(FP-RMCF0805-IPC_C)
Add component (AddParameter): Name = "Case Code (Imperial)"; Value = "0805"; VariantName = "[No Variations]"
Add component (AddParameter): Name = "Case Code (Metric)"; Value = "2012"; VariantName = "[No Variations]"
Add component (AddParameter): Name = "Case/Package"; Value = "0805"; VariantName = "[No Variations]"
Add component (AddParameter): Name = "Contact Plating"; Value = "Tin"; VariantName = "[No Variations]"
Add component (AddParameter): Name = "Features"; Value = "Automotive AEC-Q200"; VariantName = "[No Variations]"
Add component (AddParameter): Name = "Height"; Value = "0.026inch"; VariantName = "[No Variations]"
Add component (AddParameter): Name = "Length"; Value = "0.079inch"; VariantName = "[No Variations]"
Add component (AddParameter): Name = "Max Operating Temperature"; Value = "155°C"; VariantName = "[No Variations]"
Add component (AddParameter): Name = "Max Power Dissipation"; Value = "125mW"; VariantName = "[No Variations]"
Add component (AddParameter): Name = "Min Operating Temperature"; Value = "-55°C"; VariantName = "[No Variations]"
Add component (AddParameter): Name = "Mount"; Value = "Surface Mount"; VariantName = "[No Variations]"
Add component (AddParameter): Name = "Number of Terminations"; Value = "2"; VariantName = "[No Variations]"
Add component (AddParameter): Name = "Package Quantity"; Value = "5000"; VariantName = "[No Variations]"
Add component (AddParameter): Name = "Packaging"; Value = "Tape and Reel"; VariantName = "[No Variations]"
Add component (AddParameter): Name = "Radiation Hardening"; Value = "No"; VariantName = "[No Variations]"
Add component (AddParameter): Name = "Resistance"; Value = "91R"; VariantName = "[No Variations]"
Add component (AddParameter): Name = "Resistor Type"; Value = "Thick Film"; VariantName = "[No Variations]"
Add component (AddParameter): Name = "RoHS Compliant"; Value = "Yes"; VariantName = "[No Variations]"
Add component (AddParameter): Name = "Series"; Value = "RMCF"; VariantName = "[No Variations]"
Add component (AddParameter): Name = "Temperature Coefficient"; Value = "200ppm/°C"; VariantName = "[No Variations]"
Add component (AddParameter): Name = "Tolerance"; Value = "5%"; VariantName = "[No Variations]"
Add component (AddParameter): Name = "Width"; Value = "0.049inch"; VariantName = "[No Variations]"
Added Component: Designator=RS1(FP-CSRN2010-IPC_A)
Add component (AddParameter): Name = "Case/Package"; Value = "2010"; VariantName = "[No Variations]"
Add component (AddParameter): Name = "Contact Plating"; Value = "Tin"; VariantName = "[No Variations]"
Add component (AddParameter): Name = "Height"; Value = "0.03inch"; VariantName = "[No Variations]"
Add component (AddParameter): Name = "Lead Free"; Value = "Lead Free"; VariantName = "[No Variations]"
Add component (AddParameter): Name = "Length"; Value = "0.197inch"; VariantName = "[No Variations]"
Add component (AddParameter): Name = "Max Operating Temperature"; Value = "155°C"; VariantName = "[No Variations]"
Add component (AddParameter): Name = "Max Power Dissipation"; Value = "1W"; VariantName = "[No Variations]"
Add component (AddParameter): Name = "Min Operating Temperature"; Value = "-55°C"; VariantName = "[No Variations]"
Add component (AddParameter): Name = "Mount"; Value = "Surface Mount"; VariantName = "[No Variations]"
Add component (AddParameter): Name = "Number of Terminations"; Value = "2"; VariantName = "[No Variations]"
Add component (AddParameter): Name = "Package Quantity"; Value = "4000"; VariantName = "[No Variations]"
Add component (AddParameter): Name = "Packaging"; Value = "Tape and Reel"; VariantName = "[No Variations]"
Add component (AddParameter): Name = "Power Rating"; Value = "1W"; VariantName = "[No Variations]"
Add component (AddParameter): Name = "Resistance"; Value = "100mR"; VariantName = "[No Variations]"
Add component (AddParameter): Name = "Resistor Type"; Value = "Thick Film"; VariantName = "[No Variations]"
Add component (AddParameter): Name = "RoHS Compliant"; Value = "Yes"; VariantName = "[No Variations]"
Add component (AddParameter): Name = "Series"; Value = "CSRN"; VariantName = "[No Variations]"
Add component (AddParameter): Name = "Temperature Coefficient"; Value = "250ppm/°C"; VariantName = "[No Variations]"
Add component (AddParameter): Name = "Tolerance"; Value = "1%"; VariantName = "[No Variations]"
Add component (AddParameter): Name = "Width"; Value = "0.097inch"; VariantName = "[No Variations]"
Added Component: Designator=SHT-1(FP-SHT30-DIS-B2_5KS-MFG)
Added Component: Designator=SW1(FP-PTS647SM38SMTR2LFS-MFG)
Add component (AddParameter): Name = "Actuator Type"; Value = "Standard"; VariantName = "[No Variations]"
Add component (AddParameter): Name = "Illumination Type"; Value = "Non-Illuminated"; VariantName = "[No Variations]"
Add component (AddParameter): Name = "Max Operating Temperature"; Value = "70°C"; VariantName = "[No Variations]"
Add component (AddParameter): Name = "Mechanical Life"; Value = "100000Cycles"; VariantName = "[No Variations]"
Add component (AddParameter): Name = "Min Operating Temperature"; Value = "-20°C"; VariantName = "[No Variations]"
Add component (AddParameter): Name = "Mount"; Value = "Surface Mount"; VariantName = "[No Variations]"
Add component (AddParameter): Name = "Operating Force"; Value = "180gf"; VariantName = "[No Variations]"
Add component (AddParameter): Name = "Packaging"; Value = "Cut Tape"; VariantName = "[No Variations]"
Add component (AddParameter): Name = "Ratings"; Value = "IP40"; VariantName = "[No Variations]"
Add component (AddParameter): Name = "Switch Function"; Value = "Off-Mom"; VariantName = "[No Variations]"
Add component (AddParameter): Name = "Switch Travel"; Value = "0.25mm"; VariantName = "[No Variations]"
Add component (AddParameter): Name = "Termination"; Value = "Gull Wing"; VariantName = "[No Variations]"
Add component (AddParameter): Name = "Throw Configuration"; Value = "SPST"; VariantName = "[No Variations]"
Added Component: Designator=SW2(FP-EVP-AKE31A-MFG)
Add component (AddParameter): Name = "Automotive"; Value = "No"; VariantName = "[No Variations]"
Add component (AddParameter): Name = "Category"; Value = "Switch"; VariantName = "[No Variations]"
Add component (AddParameter): Name = "ComponentLink2Description"; Value = "Datasheet"; VariantName = "[No Variations]"
Add component (AddParameter): Name = "ComponentLink2URL"; Value = "https://www3.panasonic.biz/ac/e_download/control/switch/light-touch/catalog/sw_lt_eng_3819s_side.pdf?f_cd=402908&via=ok"; VariantName = "[No Variations]"
Add component (AddParameter): Name = "Contact Current Rating"; Value = "20mA"; VariantName = "[No Variations]"
Add component (AddParameter): Name = "Contact Resistance"; Value = "100m?"; VariantName = "[No Variations]"
Add component (AddParameter): Name = "Device Class L1"; Value = "Electromechanical"; VariantName = "[No Variations]"
Add component (AddParameter): Name = "Device Class L2"; Value = "Switches"; VariantName = "[No Variations]"
Add component (AddParameter): Name = "Device Class L3"; Value = "Tactile Switches"; VariantName = "[No Variations]"
Add component (AddParameter): Name = "Digikey Description"; Value = "3.8MM X 1.9MM / 1.6N / 0.12MM ST"; VariantName = "[No Variations]"
Add component (AddParameter): Name = "Electromechanical Life"; Value = "500000Cycles"; VariantName = "[No Variations]"
Add component (AddParameter): Name = "Height"; Value = "1.68mm"; VariantName = "[No Variations]"
Add component (AddParameter): Name = "Lead Free"; Value = "Yes"; VariantName = "[No Variations]"
Add component (AddParameter): Name = "Manufacturer"; Value = "Panasonic"; VariantName = "[No Variations]"
Add component (AddParameter): Name = "Manufacturer Part Number"; Value = "EVP-AKE31A"; VariantName = "[No Variations]"
Add component (AddParameter): Name = "Mount"; Value = "Surface Mount"; VariantName = "[No Variations]"
Add component (AddParameter): Name = "Mouser Description"; Value = "Switch Tactile N.O. SPST Rectangular Button Gull Wing 0.02A 15VDC 500000Cycles 1.6N SMD T/R"; VariantName = "[No Variations]"
Add component (AddParameter): Name = "Octopart"; Value = "https://octopart.com/evp-ake31a-panasonic-84742583"; VariantName = "[No Variations]"
Add component (AddParameter): Name = "Operating Force"; Value = "1.6N"; VariantName = "[No Variations]"
Add component (AddParameter): Name = "Package"; Value = "0"; VariantName = "[No Variations]"
Add component (AddParameter): Name = "RoHS"; Value = "TRUE"; VariantName = "[No Variations]"
Add component (AddParameter): Name = "Temperature"; Value = "-40°C to +85°C"; VariantName = "[No Variations]"
Add component (AddParameter): Name = "Temperature Range High"; Value = "+85°C"; VariantName = "[No Variations]"
Add component (AddParameter): Name = "Temperature Range Low"; Value = "-40°C"; VariantName = "[No Variations]"
Add component (AddParameter): Name = "Throw Configuration"; Value = "SPST-NO"; VariantName = "[No Variations]"
Add component (AddParameter): Name = "Voltage Rating Dc"; Value = "15V"; VariantName = "[No Variations]"
Added Component: Designator=SW3(FP-EVP-AKE31A-MFG)
Add component (AddParameter): Name = "Automotive"; Value = "No"; VariantName = "[No Variations]"
Add component (AddParameter): Name = "Category"; Value = "Switch"; VariantName = "[No Variations]"
Add component (AddParameter): Name = "ComponentLink2Description"; Value = "Datasheet"; VariantName = "[No Variations]"
Add component (AddParameter): Name = "ComponentLink2URL"; Value = "https://www3.panasonic.biz/ac/e_download/control/switch/light-touch/catalog/sw_lt_eng_3819s_side.pdf?f_cd=402908&via=ok"; VariantName = "[No Variations]"
Add component (AddParameter): Name = "Contact Current Rating"; Value = "20mA"; VariantName = "[No Variations]"
Add component (AddParameter): Name = "Contact Resistance"; Value = "100m?"; VariantName = "[No Variations]"
Add component (AddParameter): Name = "Device Class L1"; Value = "Electromechanical"; VariantName = "[No Variations]"
Add component (AddParameter): Name = "Device Class L2"; Value = "Switches"; VariantName = "[No Variations]"
Add component (AddParameter): Name = "Device Class L3"; Value = "Tactile Switches"; VariantName = "[No Variations]"
Add component (AddParameter): Name = "Digikey Description"; Value = "3.8MM X 1.9MM / 1.6N / 0.12MM ST"; VariantName = "[No Variations]"
Add component (AddParameter): Name = "Electromechanical Life"; Value = "500000Cycles"; VariantName = "[No Variations]"
Add component (AddParameter): Name = "Height"; Value = "1.68mm"; VariantName = "[No Variations]"
Add component (AddParameter): Name = "Lead Free"; Value = "Yes"; VariantName = "[No Variations]"
Add component (AddParameter): Name = "Manufacturer"; Value = "Panasonic"; VariantName = "[No Variations]"
Add component (AddParameter): Name = "Manufacturer Part Number"; Value = "EVP-AKE31A"; VariantName = "[No Variations]"
Add component (AddParameter): Name = "Mount"; Value = "Surface Mount"; VariantName = "[No Variations]"
Add component (AddParameter): Name = "Mouser Description"; Value = "Switch Tactile N.O. SPST Rectangular Button Gull Wing 0.02A 15VDC 500000Cycles 1.6N SMD T/R"; VariantName = "[No Variations]"
Add component (AddParameter): Name = "Octopart"; Value = "https://octopart.com/evp-ake31a-panasonic-84742583"; VariantName = "[No Variations]"
Add component (AddParameter): Name = "Operating Force"; Value = "1.6N"; VariantName = "[No Variations]"
Add component (AddParameter): Name = "Package"; Value = "0"; VariantName = "[No Variations]"
Add component (AddParameter): Name = "RoHS"; Value = "TRUE"; VariantName = "[No Variations]"
Add component (AddParameter): Name = "Temperature"; Value = "-40°C to +85°C"; VariantName = "[No Variations]"
Add component (AddParameter): Name = "Temperature Range High"; Value = "+85°C"; VariantName = "[No Variations]"
Add component (AddParameter): Name = "Temperature Range Low"; Value = "-40°C"; VariantName = "[No Variations]"
Add component (AddParameter): Name = "Throw Configuration"; Value = "SPST-NO"; VariantName = "[No Variations]"
Add component (AddParameter): Name = "Voltage Rating Dc"; Value = "15V"; VariantName = "[No Variations]"
Added Component: Designator=SW4(FP-EVP-AKE31A-MFG)
Add component (AddParameter): Name = "Automotive"; Value = "No"; VariantName = "[No Variations]"
Add component (AddParameter): Name = "Category"; Value = "Switch"; VariantName = "[No Variations]"
Add component (AddParameter): Name = "ComponentLink2Description"; Value = "Datasheet"; VariantName = "[No Variations]"
Add component (AddParameter): Name = "ComponentLink2URL"; Value = "https://www3.panasonic.biz/ac/e_download/control/switch/light-touch/catalog/sw_lt_eng_3819s_side.pdf?f_cd=402908&via=ok"; VariantName = "[No Variations]"
Add component (AddParameter): Name = "Contact Current Rating"; Value = "20mA"; VariantName = "[No Variations]"
Add component (AddParameter): Name = "Contact Resistance"; Value = "100m?"; VariantName = "[No Variations]"
Add component (AddParameter): Name = "Device Class L1"; Value = "Electromechanical"; VariantName = "[No Variations]"
Add component (AddParameter): Name = "Device Class L2"; Value = "Switches"; VariantName = "[No Variations]"
Add component (AddParameter): Name = "Device Class L3"; Value = "Tactile Switches"; VariantName = "[No Variations]"
Add component (AddParameter): Name = "Digikey Description"; Value = "3.8MM X 1.9MM / 1.6N / 0.12MM ST"; VariantName = "[No Variations]"
Add component (AddParameter): Name = "Electromechanical Life"; Value = "500000Cycles"; VariantName = "[No Variations]"
Add component (AddParameter): Name = "Height"; Value = "1.68mm"; VariantName = "[No Variations]"
Add component (AddParameter): Name = "Lead Free"; Value = "Yes"; VariantName = "[No Variations]"
Add component (AddParameter): Name = "Manufacturer"; Value = "Panasonic"; VariantName = "[No Variations]"
Add component (AddParameter): Name = "Manufacturer Part Number"; Value = "EVP-AKE31A"; VariantName = "[No Variations]"
Add component (AddParameter): Name = "Mount"; Value = "Surface Mount"; VariantName = "[No Variations]"
Add component (AddParameter): Name = "Mouser Description"; Value = "Switch Tactile N.O. SPST Rectangular Button Gull Wing 0.02A 15VDC 500000Cycles 1.6N SMD T/R"; VariantName = "[No Variations]"
Add component (AddParameter): Name = "Octopart"; Value = "https://octopart.com/evp-ake31a-panasonic-84742583"; VariantName = "[No Variations]"
Add component (AddParameter): Name = "Operating Force"; Value = "1.6N"; VariantName = "[No Variations]"
Add component (AddParameter): Name = "Package"; Value = "0"; VariantName = "[No Variations]"
Add component (AddParameter): Name = "RoHS"; Value = "TRUE"; VariantName = "[No Variations]"
Add component (AddParameter): Name = "Temperature"; Value = "-40°C to +85°C"; VariantName = "[No Variations]"
Add component (AddParameter): Name = "Temperature Range High"; Value = "+85°C"; VariantName = "[No Variations]"
Add component (AddParameter): Name = "Temperature Range Low"; Value = "-40°C"; VariantName = "[No Variations]"
Add component (AddParameter): Name = "Throw Configuration"; Value = "SPST-NO"; VariantName = "[No Variations]"
Add component (AddParameter): Name = "Voltage Rating Dc"; Value = "15V"; VariantName = "[No Variations]"
Added Component: Designator=SW5(FP-EVP-AKE31A-MFG)
Add component (AddParameter): Name = "Automotive"; Value = "No"; VariantName = "[No Variations]"
Add component (AddParameter): Name = "Category"; Value = "Switch"; VariantName = "[No Variations]"
Add component (AddParameter): Name = "ComponentLink2Description"; Value = "Datasheet"; VariantName = "[No Variations]"
Add component (AddParameter): Name = "ComponentLink2URL"; Value = "https://www3.panasonic.biz/ac/e_download/control/switch/light-touch/catalog/sw_lt_eng_3819s_side.pdf?f_cd=402908&via=ok"; VariantName = "[No Variations]"
Add component (AddParameter): Name = "Contact Current Rating"; Value = "20mA"; VariantName = "[No Variations]"
Add component (AddParameter): Name = "Contact Resistance"; Value = "100m?"; VariantName = "[No Variations]"
Add component (AddParameter): Name = "Device Class L1"; Value = "Electromechanical"; VariantName = "[No Variations]"
Add component (AddParameter): Name = "Device Class L2"; Value = "Switches"; VariantName = "[No Variations]"
Add component (AddParameter): Name = "Device Class L3"; Value = "Tactile Switches"; VariantName = "[No Variations]"
Add component (AddParameter): Name = "Digikey Description"; Value = "3.8MM X 1.9MM / 1.6N / 0.12MM ST"; VariantName = "[No Variations]"
Add component (AddParameter): Name = "Electromechanical Life"; Value = "500000Cycles"; VariantName = "[No Variations]"
Add component (AddParameter): Name = "Height"; Value = "1.68mm"; VariantName = "[No Variations]"
Add component (AddParameter): Name = "Lead Free"; Value = "Yes"; VariantName = "[No Variations]"
Add component (AddParameter): Name = "Manufacturer"; Value = "Panasonic"; VariantName = "[No Variations]"
Add component (AddParameter): Name = "Manufacturer Part Number"; Value = "EVP-AKE31A"; VariantName = "[No Variations]"
Add component (AddParameter): Name = "Mount"; Value = "Surface Mount"; VariantName = "[No Variations]"
Add component (AddParameter): Name = "Mouser Description"; Value = "Switch Tactile N.O. SPST Rectangular Button Gull Wing 0.02A 15VDC 500000Cycles 1.6N SMD T/R"; VariantName = "[No Variations]"
Add component (AddParameter): Name = "Octopart"; Value = "https://octopart.com/evp-ake31a-panasonic-84742583"; VariantName = "[No Variations]"
Add component (AddParameter): Name = "Operating Force"; Value = "1.6N"; VariantName = "[No Variations]"
Add component (AddParameter): Name = "Package"; Value = "0"; VariantName = "[No Variations]"
Add component (AddParameter): Name = "RoHS"; Value = "TRUE"; VariantName = "[No Variations]"
Add component (AddParameter): Name = "Temperature"; Value = "-40°C to +85°C"; VariantName = "[No Variations]"
Add component (AddParameter): Name = "Temperature Range High"; Value = "+85°C"; VariantName = "[No Variations]"
Add component (AddParameter): Name = "Temperature Range Low"; Value = "-40°C"; VariantName = "[No Variations]"
Add component (AddParameter): Name = "Throw Configuration"; Value = "SPST-NO"; VariantName = "[No Variations]"
Add component (AddParameter): Name = "Voltage Rating Dc"; Value = "15V"; VariantName = "[No Variations]"
Added Component: Designator=SW6(FP-PTS647SM38SMTR2LFS-MFG)
Add component (AddParameter): Name = "Actuator Type"; Value = "Standard"; VariantName = "[No Variations]"
Add component (AddParameter): Name = "Illumination Type"; Value = "Non-Illuminated"; VariantName = "[No Variations]"
Add component (AddParameter): Name = "Max Operating Temperature"; Value = "70°C"; VariantName = "[No Variations]"
Add component (AddParameter): Name = "Mechanical Life"; Value = "100000Cycles"; VariantName = "[No Variations]"
Add component (AddParameter): Name = "Min Operating Temperature"; Value = "-20°C"; VariantName = "[No Variations]"
Add component (AddParameter): Name = "Mount"; Value = "Surface Mount"; VariantName = "[No Variations]"
Add component (AddParameter): Name = "Operating Force"; Value = "180gf"; VariantName = "[No Variations]"
Add component (AddParameter): Name = "Packaging"; Value = "Cut Tape"; VariantName = "[No Variations]"
Add component (AddParameter): Name = "Ratings"; Value = "IP40"; VariantName = "[No Variations]"
Add component (AddParameter): Name = "Switch Function"; Value = "Off-Mom"; VariantName = "[No Variations]"
Add component (AddParameter): Name = "Switch Travel"; Value = "0.25mm"; VariantName = "[No Variations]"
Add component (AddParameter): Name = "Termination"; Value = "Gull Wing"; VariantName = "[No Variations]"
Add component (AddParameter): Name = "Throw Configuration"; Value = "SPST"; VariantName = "[No Variations]"
Added Component: Designator=U1(DBV0005A_N)
Add component (AddParameter): Name = "Code_IPC"; Value = ""; VariantName = "[No Variations]"
Add component (AddParameter): Name = "Code_JEDEC"; Value = ""; VariantName = "[No Variations]"
Add component (AddParameter): Name = "Code_JEITA"; Value = ""; VariantName = "[No Variations]"
Add component (AddParameter): Name = "ComponentLink1Description"; Value = "Datasheet URL"; VariantName = "[No Variations]"
Add component (AddParameter): Name = "ComponentLink1URL"; Value = "http://www.ti.com/general/docs/lit/getliterature.tsp?genericPartNumber=LM3671&fileType=pdf"; VariantName = "[No Variations]"
Add component (AddParameter): Name = "CompType"; Value = "MiscPower"; VariantName = "[No Variations]"
Add component (AddParameter): Name = "High-Reliability"; Value = ""; VariantName = "[No Variations]"
Add component (AddParameter): Name = "Manufacturer"; Value = "Texas Instruments"; VariantName = "[No Variations]"
Add component (AddParameter): Name = "PackageDescription"; Value = "Molded SOT-23, .115 x .063 x .040 in Body, 5 Lead, .0375 in Pitch"; VariantName = "[No Variations]"
Add component (AddParameter): Name = "PackageReference"; Value = "DBV0005A"; VariantName = "[No Variations]"
Add component (AddParameter): Name = "PackageTopMarking"; Value = "SBTB*XTT"; VariantName = "[No Variations]"
Add component (AddParameter): Name = "PartNumber"; Value = ""; VariantName = "[No Variations]"
Add component (AddParameter): Name = "PinCount"; Value = "5"; VariantName = "[No Variations]"
Add component (AddParameter): Name = "PowerWise"; Value = "Y"; VariantName = "[No Variations]"
Add component (AddParameter): Name = "RoHS"; Value = "Y"; VariantName = "[No Variations]"
Added Component: Designator=U2(DBV0005A_N)
Add component (AddParameter): Name = "Code_IPC"; Value = ""; VariantName = "[No Variations]"
Add component (AddParameter): Name = "Code_JEDEC"; Value = ""; VariantName = "[No Variations]"
Add component (AddParameter): Name = "Code_JEITA"; Value = ""; VariantName = "[No Variations]"
Add component (AddParameter): Name = "ComponentLink1Description"; Value = "Datasheet URL"; VariantName = "[No Variations]"
Add component (AddParameter): Name = "ComponentLink1URL"; Value = "http://www.ti.com/general/docs/lit/getliterature.tsp?genericPartNumber=LM3671&fileType=pdf"; VariantName = "[No Variations]"
Add component (AddParameter): Name = "CompType"; Value = "MiscPower"; VariantName = "[No Variations]"
Add component (AddParameter): Name = "High-Reliability"; Value = ""; VariantName = "[No Variations]"
Add component (AddParameter): Name = "Manufacturer"; Value = "Texas Instruments"; VariantName = "[No Variations]"
Add component (AddParameter): Name = "PackageDescription"; Value = "Molded SOT-23, .115 x .063 x .040 in Body, 5 Lead, .0375 in Pitch"; VariantName = "[No Variations]"
Add component (AddParameter): Name = "PackageReference"; Value = "DBV0005A"; VariantName = "[No Variations]"
Add component (AddParameter): Name = "PackageTopMarking"; Value = "SBTB*XTT"; VariantName = "[No Variations]"
Add component (AddParameter): Name = "PartNumber"; Value = ""; VariantName = "[No Variations]"
Add component (AddParameter): Name = "PinCount"; Value = "5"; VariantName = "[No Variations]"
Add component (AddParameter): Name = "PowerWise"; Value = "Y"; VariantName = "[No Variations]"
Add component (AddParameter): Name = "RoHS"; Value = "Y"; VariantName = "[No Variations]"
Added Component: Designator=U3(max1771)
Added Component: Designator=U4(NT0024A)
Add component (AddParameter): Name = "Bits(#)"; Value = "16"; VariantName = "[No Variations]"
Add component (AddParameter): Name = "Channels(#)"; Value = "1"; VariantName = "[No Variations]"
Add component (AddParameter): Name = "Configuration"; Value = "4:16"; VariantName = "[No Variations]"
Add component (AddParameter): Name = "DatasheetVersion"; Value = "SCHS280C"; VariantName = "[No Variations]"
Add component (AddParameter): Name = "F @ Nom Voltage(Max)(Mhz)"; Value = "28"; VariantName = "[No Variations]"
Add component (AddParameter): Name = "Function"; Value = "Decoder/Demultiplexer"; VariantName = "[No Variations]"
Add component (AddParameter): Name = "Generic Part Number"; Value = "CD74HC4514"; VariantName = "[No Variations]"
Add component (AddParameter): Name = "ICC @ Nom Voltage(Max)(mA)"; Value = "0.08"; VariantName = "[No Variations]"
Add component (AddParameter): Name = "Input Type"; Value = "LVTTL/CMOS"; VariantName = "[No Variations]"
Add component (AddParameter): Name = "Manufacturer"; Value = "Texas Instruments"; VariantName = "[No Variations]"
Add component (AddParameter): Name = "Operating Temperature Range(C)"; Value = "-55 to 125"; VariantName = "[No Variations]"
Add component (AddParameter): Name = "Output Drive (IOL/IOH)(Max)(mA)"; Value = "5.2/-5.2"; VariantName = "[No Variations]"
Add component (AddParameter): Name = "Output Type"; Value = "CMOS"; VariantName = "[No Variations]"
Add component (AddParameter): Name = "PackageReference"; Value = "NT0024A"; VariantName = "[No Variations]"
Add component (AddParameter): Name = "Rating"; Value = "Catalog"; VariantName = "[No Variations]"
Add component (AddParameter): Name = "Schmitt Trigger"; Value = "No"; VariantName = "[No Variations]"
Add component (AddParameter): Name = "Technology Family"; Value = "HC"; VariantName = "[No Variations]"
Add component (AddParameter): Name = "tpd @ Nom Voltage(Max)(ns)"; Value = "23"; VariantName = "[No Variations]"
Add component (AddParameter): Name = "Type"; Value = "Standard"; VariantName = "[No Variations]"
Add component (AddParameter): Name = "VCC(Max)(V)"; Value = "6"; VariantName = "[No Variations]"
Add component (AddParameter): Name = "VCC(Min)(V)"; Value = "2"; VariantName = "[No Variations]"
Add component (AddParameter): Name = "Voltage(Nom)(V)"; Value = "3.3,5"; VariantName = "[No Variations]"
Added Component: Designator=U5(NT0024A)
Add component (AddParameter): Name = "Bits(#)"; Value = "16"; VariantName = "[No Variations]"
Add component (AddParameter): Name = "Channels(#)"; Value = "1"; VariantName = "[No Variations]"
Add component (AddParameter): Name = "Configuration"; Value = "4:16"; VariantName = "[No Variations]"
Add component (AddParameter): Name = "DatasheetVersion"; Value = "SCHS280C"; VariantName = "[No Variations]"
Add component (AddParameter): Name = "F @ Nom Voltage(Max)(Mhz)"; Value = "28"; VariantName = "[No Variations]"
Add component (AddParameter): Name = "Function"; Value = "Decoder/Demultiplexer"; VariantName = "[No Variations]"
Add component (AddParameter): Name = "Generic Part Number"; Value = "CD74HC4514"; VariantName = "[No Variations]"
Add component (AddParameter): Name = "ICC @ Nom Voltage(Max)(mA)"; Value = "0.08"; VariantName = "[No Variations]"
Add component (AddParameter): Name = "Input Type"; Value = "LVTTL/CMOS"; VariantName = "[No Variations]"
Add component (AddParameter): Name = "Manufacturer"; Value = "Texas Instruments"; VariantName = "[No Variations]"
Add component (AddParameter): Name = "Operating Temperature Range(C)"; Value = "-55 to 125"; VariantName = "[No Variations]"
Add component (AddParameter): Name = "Output Drive (IOL/IOH)(Max)(mA)"; Value = "5.2/-5.2"; VariantName = "[No Variations]"
Add component (AddParameter): Name = "Output Type"; Value = "CMOS"; VariantName = "[No Variations]"
Add component (AddParameter): Name = "PackageReference"; Value = "NT0024A"; VariantName = "[No Variations]"
Add component (AddParameter): Name = "Rating"; Value = "Catalog"; VariantName = "[No Variations]"
Add component (AddParameter): Name = "Schmitt Trigger"; Value = "No"; VariantName = "[No Variations]"
Add component (AddParameter): Name = "Technology Family"; Value = "HC"; VariantName = "[No Variations]"
Add component (AddParameter): Name = "tpd @ Nom Voltage(Max)(ns)"; Value = "23"; VariantName = "[No Variations]"
Add component (AddParameter): Name = "Type"; Value = "Standard"; VariantName = "[No Variations]"
Add component (AddParameter): Name = "VCC(Max)(V)"; Value = "6"; VariantName = "[No Variations]"
Add component (AddParameter): Name = "VCC(Min)(V)"; Value = "2"; VariantName = "[No Variations]"
Add component (AddParameter): Name = "Voltage(Nom)(V)"; Value = "3.3,5"; VariantName = "[No Variations]"
Added Component: Designator=U6(NT0024A)
Add component (AddParameter): Name = "Bits(#)"; Value = "16"; VariantName = "[No Variations]"
Add component (AddParameter): Name = "Channels(#)"; Value = "1"; VariantName = "[No Variations]"
Add component (AddParameter): Name = "Configuration"; Value = "4:16"; VariantName = "[No Variations]"
Add component (AddParameter): Name = "DatasheetVersion"; Value = "SCHS280C"; VariantName = "[No Variations]"
Add component (AddParameter): Name = "F @ Nom Voltage(Max)(Mhz)"; Value = "28"; VariantName = "[No Variations]"
Add component (AddParameter): Name = "Function"; Value = "Decoder/Demultiplexer"; VariantName = "[No Variations]"
Add component (AddParameter): Name = "Generic Part Number"; Value = "CD74HC4514"; VariantName = "[No Variations]"
Add component (AddParameter): Name = "ICC @ Nom Voltage(Max)(mA)"; Value = "0.08"; VariantName = "[No Variations]"
Add component (AddParameter): Name = "Input Type"; Value = "LVTTL/CMOS"; VariantName = "[No Variations]"
Add component (AddParameter): Name = "Manufacturer"; Value = "Texas Instruments"; VariantName = "[No Variations]"
Add component (AddParameter): Name = "Operating Temperature Range(C)"; Value = "-55 to 125"; VariantName = "[No Variations]"
Add component (AddParameter): Name = "Output Drive (IOL/IOH)(Max)(mA)"; Value = "5.2/-5.2"; VariantName = "[No Variations]"
Add component (AddParameter): Name = "Output Type"; Value = "CMOS"; VariantName = "[No Variations]"
Add component (AddParameter): Name = "PackageReference"; Value = "NT0024A"; VariantName = "[No Variations]"
Add component (AddParameter): Name = "Rating"; Value = "Catalog"; VariantName = "[No Variations]"
Add component (AddParameter): Name = "Schmitt Trigger"; Value = "No"; VariantName = "[No Variations]"
Add component (AddParameter): Name = "Technology Family"; Value = "HC"; VariantName = "[No Variations]"
Add component (AddParameter): Name = "tpd @ Nom Voltage(Max)(ns)"; Value = "23"; VariantName = "[No Variations]"
Add component (AddParameter): Name = "Type"; Value = "Standard"; VariantName = "[No Variations]"
Add component (AddParameter): Name = "VCC(Max)(V)"; Value = "6"; VariantName = "[No Variations]"
Add component (AddParameter): Name = "VCC(Min)(V)"; Value = "2"; VariantName = "[No Variations]"
Add component (AddParameter): Name = "Voltage(Nom)(V)"; Value = "3.3,5"; VariantName = "[No Variations]"
Added Pin To Net: NetName=% Pin=IN-7-2
Added Pin To Net: NetName=% Pin=Q26-4
Added Net: Name=%
Added Pin To Net: NetName=0 Pin=IN-1-12
Added Pin To Net: NetName=0 Pin=IN-2-12
Added Pin To Net: NetName=0 Pin=IN-3-12
Added Pin To Net: NetName=0 Pin=IN-4-12
Added Pin To Net: NetName=0 Pin=IN-5-12
Added Pin To Net: NetName=0 Pin=IN-6-12
Added Pin To Net: NetName=0 Pin=Q9-4
Added Net: Name=0
Added Pin To Net: NetName=1BTN Pin=mcu-1-8
Added Pin To Net: NetName=1BTN Pin=R43-2
Added Pin To Net: NetName=1BTN Pin=SW2-A'
Added Net: Name=1BTN
Added Pin To Net: NetName=1 Pin=IN-1-11
Added Pin To Net: NetName=1 Pin=IN-2-11
Added Pin To Net: NetName=1 Pin=IN-3-11
Added Pin To Net: NetName=1 Pin=IN-4-11
Added Pin To Net: NetName=1 Pin=IN-5-11
Added Pin To Net: NetName=1 Pin=IN-6-11
Added Pin To Net: NetName=1 Pin=Q10-4
Added Net: Name=1
Added Pin To Net: NetName=2BTN Pin=mcu-1-9
Added Pin To Net: NetName=2BTN Pin=R44-2
Added Pin To Net: NetName=2BTN Pin=SW3-A'
Added Net: Name=2BTN
Added Pin To Net: NetName=2 Pin=IN-1-10
Added Pin To Net: NetName=2 Pin=IN-2-10
Added Pin To Net: NetName=2 Pin=IN-3-10
Added Pin To Net: NetName=2 Pin=IN-4-10
Added Pin To Net: NetName=2 Pin=IN-5-10
Added Pin To Net: NetName=2 Pin=IN-6-10
Added Pin To Net: NetName=2 Pin=Q11-4
Added Net: Name=2
Added Pin To Net: NetName=3BTN Pin=mcu-1-6
Added Pin To Net: NetName=3BTN Pin=R45-2
Added Pin To Net: NetName=3BTN Pin=SW4-A'
Added Net: Name=3BTN
Added Pin To Net: NetName=3 Pin=IN-1-9
Added Pin To Net: NetName=3 Pin=IN-2-9
Added Pin To Net: NetName=3 Pin=IN-3-9
Added Pin To Net: NetName=3 Pin=IN-4-9
Added Pin To Net: NetName=3 Pin=IN-5-9
Added Pin To Net: NetName=3 Pin=IN-6-9
Added Pin To Net: NetName=3 Pin=Q12-4
Added Net: Name=3
Added Pin To Net: NetName=4BTN Pin=mcu-1-7
Added Pin To Net: NetName=4BTN Pin=R46-2
Added Pin To Net: NetName=4BTN Pin=SW5-A'
Added Net: Name=4BTN
Added Pin To Net: NetName=4 Pin=IN-1-8
Added Pin To Net: NetName=4 Pin=IN-2-8
Added Pin To Net: NetName=4 Pin=IN-3-8
Added Pin To Net: NetName=4 Pin=IN-4-8
Added Pin To Net: NetName=4 Pin=IN-5-8
Added Pin To Net: NetName=4 Pin=IN-6-8
Added Pin To Net: NetName=4 Pin=Q13-4
Added Net: Name=4
Added Pin To Net: NetName=5 Pin=IN-1-7
Added Pin To Net: NetName=5 Pin=IN-2-7
Added Pin To Net: NetName=5 Pin=IN-3-7
Added Pin To Net: NetName=5 Pin=IN-4-7
Added Pin To Net: NetName=5 Pin=IN-5-7
Added Pin To Net: NetName=5 Pin=IN-6-7
Added Pin To Net: NetName=5 Pin=Q14-4
Added Net: Name=5
Added Pin To Net: NetName=6 Pin=IN-1-6
Added Pin To Net: NetName=6 Pin=IN-2-6
Added Pin To Net: NetName=6 Pin=IN-3-6
Added Pin To Net: NetName=6 Pin=IN-4-6
Added Pin To Net: NetName=6 Pin=IN-5-6
Added Pin To Net: NetName=6 Pin=IN-6-6
Added Pin To Net: NetName=6 Pin=Q15-4
Added Net: Name=6
Added Pin To Net: NetName=7 Pin=IN-1-5
Added Pin To Net: NetName=7 Pin=IN-2-5
Added Pin To Net: NetName=7 Pin=IN-3-5
Added Pin To Net: NetName=7 Pin=IN-4-5
Added Pin To Net: NetName=7 Pin=IN-5-5
Added Pin To Net: NetName=7 Pin=IN-6-5
Added Pin To Net: NetName=7 Pin=Q16-4
Added Net: Name=7
Added Pin To Net: NetName=8 Pin=IN-1-4
Added Pin To Net: NetName=8 Pin=IN-2-4
Added Pin To Net: NetName=8 Pin=IN-3-4
Added Pin To Net: NetName=8 Pin=IN-4-4
Added Pin To Net: NetName=8 Pin=IN-5-4
Added Pin To Net: NetName=8 Pin=IN-6-4
Added Pin To Net: NetName=8 Pin=Q17-4
Added Net: Name=8
Added Pin To Net: NetName=9 Pin=IN-1-3
Added Pin To Net: NetName=9 Pin=IN-2-3
Added Pin To Net: NetName=9 Pin=IN-3-3
Added Pin To Net: NetName=9 Pin=IN-4-3
Added Pin To Net: NetName=9 Pin=IN-5-3
Added Pin To Net: NetName=9 Pin=IN-6-3
Added Pin To Net: NetName=9 Pin=Q18-4
Added Net: Name=9
Added Pin To Net: NetName=A1 Pin=Q2-1
Added Pin To Net: NetName=A1 Pin=R20-1
Added Net: Name=A1
Added Pin To Net: NetName=A2 Pin=Q3-1
Added Pin To Net: NetName=A2 Pin=R21-1
Added Net: Name=A2
Added Pin To Net: NetName=A3 Pin=Q4-1
Added Pin To Net: NetName=A3 Pin=R22-1
Added Net: Name=A3
Added Pin To Net: NetName=A4 Pin=Q5-1
Added Pin To Net: NetName=A4 Pin=R23-1
Added Net: Name=A4
Added Pin To Net: NetName=A5 Pin=Q6-1
Added Pin To Net: NetName=A5 Pin=R24-1
Added Net: Name=A5
Added Pin To Net: NetName=A6 Pin=Q7-1
Added Pin To Net: NetName=A6 Pin=R25-1
Added Net: Name=A6
Added Pin To Net: NetName=AN-1 Pin=mcu-1-16
Added Pin To Net: NetName=AN-1 Pin=U5-2
Added Net: Name=AN-1
Added Pin To Net: NetName=AN-2 Pin=mcu-1-13
Added Pin To Net: NetName=AN-2 Pin=U5-3
Added Net: Name=AN-2
Added Pin To Net: NetName=AN-3 Pin=mcu-1-23
Added Pin To Net: NetName=AN-3 Pin=U5-21
Added Net: Name=AN-3
Added Pin To Net: NetName=AN-4 Pin=mcu-1-27
Added Pin To Net: NetName=AN-4 Pin=U5-22
Added Net: Name=AN-4
Added Pin To Net: NetName=AS Pin=Q8-1
Added Pin To Net: NetName=AS Pin=R26-1
Added Net: Name=AS
Added Pin To Net: NetName=BootBTN Pin=mcu-1-25
Added Pin To Net: NetName=BootBTN Pin=SW1-3
Added Pin To Net: NetName=BootBTN Pin=SW1-4
Added Net: Name=BootBTN
Added Pin To Net: NetName=B Pin=D4-1
Added Pin To Net: NetName=B Pin=D5-1
Added Pin To Net: NetName=B Pin=D6-1
Added Pin To Net: NetName=B Pin=D7-1
Added Pin To Net: NetName=B Pin=D8-1
Added Pin To Net: NetName=B Pin=D9-1
Added Pin To Net: NetName=B Pin=D10-1
Added Pin To Net: NetName=B Pin=R49-2
Added Net: Name=B
Added Pin To Net: NetName=CS Pin=BMP-1-2
Added Pin To Net: NetName=CS Pin=BMP-1-6
Added Pin To Net: NetName=CS Pin=BMP-1-8
Added Pin To Net: NetName=CS Pin=C5-2
Added Pin To Net: NetName=CS Pin=C6-2
Added Pin To Net: NetName=CS Pin=C20-1
Added Pin To Net: NetName=CS Pin=C21-1
Added Pin To Net: NetName=CS Pin=L2-2
Added Pin To Net: NetName=CS Pin=R2-2
Added Pin To Net: NetName=CS Pin=R8-1
Added Net: Name=CS
Added Pin To Net: NetName=CT-1 Pin=mcu-1-24
Added Pin To Net: NetName=CT-1 Pin=U4-2
Added Net: Name=CT-1
Added Pin To Net: NetName=CT-2 Pin=mcu-1-26
Added Pin To Net: NetName=CT-2 Pin=U4-3
Added Net: Name=CT-2
Added Pin To Net: NetName=CT-3 Pin=mcu-1-29
Added Pin To Net: NetName=CT-3 Pin=U4-21
Added Net: Name=CT-3
Added Pin To Net: NetName=CT-4 Pin=mcu-1-14
Added Pin To Net: NetName=CT-4 Pin=U4-22
Added Net: Name=CT-4
Added Pin To Net: NetName=C Pin=IN-7-14
Added Pin To Net: NetName=C Pin=Q19-4
Added Net: Name=C
Added Pin To Net: NetName=D0 Pin=Q9-1
Added Pin To Net: NetName=D0 Pin=R10-1
Added Net: Name=D0
Added Pin To Net: NetName=D1 Pin=Q10-1
Added Pin To Net: NetName=D1 Pin=R11-1
Added Net: Name=D1
Added Pin To Net: NetName=D2 Pin=Q11-1
Added Pin To Net: NetName=D2 Pin=R12-1
Added Net: Name=D2
Added Pin To Net: NetName=D3 Pin=Q12-1
Added Pin To Net: NetName=D3 Pin=R13-1
Added Net: Name=D3
Added Pin To Net: NetName=D4 Pin=Q13-1
Added Pin To Net: NetName=D4 Pin=R14-1
Added Net: Name=D4
Added Pin To Net: NetName=D5 Pin=Q14-1
Added Pin To Net: NetName=D5 Pin=R15-1
Added Net: Name=D5
Added Pin To Net: NetName=D6 Pin=Q15-1
Added Pin To Net: NetName=D6 Pin=R16-1
Added Net: Name=D6
Added Pin To Net: NetName=D7 Pin=Q16-1
Added Pin To Net: NetName=D7 Pin=R17-1
Added Net: Name=D7
Added Pin To Net: NetName=D8 Pin=Q17-1
Added Pin To Net: NetName=D8 Pin=R18-1
Added Net: Name=D8
Added Pin To Net: NetName=D9 Pin=Q18-1
Added Pin To Net: NetName=D9 Pin=R19-1
Added Net: Name=D9
Added Pin To Net: NetName=EnBTN Pin=C15-2
Added Pin To Net: NetName=EnBTN Pin=mcu-1-3
Added Pin To Net: NetName=EnBTN Pin=R9-1
Added Pin To Net: NetName=EnBTN Pin=SW6-3
Added Pin To Net: NetName=EnBTN Pin=SW6-4
Added Net: Name=EnBTN
Added Pin To Net: NetName=FB-MAX1771 Pin=R5-1
Added Pin To Net: NetName=FB-MAX1771 Pin=R7-2
Added Pin To Net: NetName=FB-MAX1771 Pin=U3-3
Added Net: Name=FB-MAX1771
Added Pin To Net: NetName=GND Pin=BMP-1-1
Added Pin To Net: NetName=GND Pin=BMP-1-7
Added Pin To Net: NetName=GND Pin=C1-2
Added Pin To Net: NetName=GND Pin=C2-1
Added Pin To Net: NetName=GND Pin=C4-2
Added Pin To Net: NetName=GND Pin=C5-1
Added Pin To Net: NetName=GND Pin=C7-1
Added Pin To Net: NetName=GND Pin=C8-2
Added Pin To Net: NetName=GND Pin=C9-1
Added Pin To Net: NetName=GND Pin=C10-2
Added Pin To Net: NetName=GND Pin=C11-2
Added Pin To Net: NetName=GND Pin=C12-2
Added Pin To Net: NetName=GND Pin=C13-2
Added Pin To Net: NetName=GND Pin=C14-2
Added Pin To Net: NetName=GND Pin=C15-1
Added Pin To Net: NetName=GND Pin=C16-2
Added Pin To Net: NetName=GND Pin=C17-2
Added Pin To Net: NetName=GND Pin=C18-2
Added Pin To Net: NetName=GND Pin=C19-2
Added Pin To Net: NetName=GND Pin=C20-2
Added Pin To Net: NetName=GND Pin=C21-2
Added Pin To Net: NetName=GND Pin=CN1-2
Added Pin To Net: NetName=GND Pin=cn2-1
Added Pin To Net: NetName=GND Pin=D2-2
Added Pin To Net: NetName=GND Pin=D2-3
Added Pin To Net: NetName=GND Pin=D3-2
Added Pin To Net: NetName=GND Pin=D3-3
Added Pin To Net: NetName=GND Pin=mcu-1-1
Added Pin To Net: NetName=GND Pin=mcu-1-15
Added Pin To Net: NetName=GND Pin=mcu-1-38
Added Pin To Net: NetName=GND Pin=mcu-1-39
Added Pin To Net: NetName=GND Pin=mcu-1-39
Added Pin To Net: NetName=GND Pin=mcu-1-39
Added Pin To Net: NetName=GND Pin=mcu-1-39
Added Pin To Net: NetName=GND Pin=mcu-1-39
Added Pin To Net: NetName=GND Pin=mcu-1-39
Added Pin To Net: NetName=GND Pin=mcu-1-39
Added Pin To Net: NetName=GND Pin=mcu-1-39
Added Pin To Net: NetName=GND Pin=mcu-1-39
Added Pin To Net: NetName=GND Pin=PW1-10
Added Pin To Net: NetName=GND Pin=PW2-10
Added Pin To Net: NetName=GND Pin=PW3-10
Added Pin To Net: NetName=GND Pin=PW4-10
Added Pin To Net: NetName=GND Pin=Q2-2
Added Pin To Net: NetName=GND Pin=Q3-2
Added Pin To Net: NetName=GND Pin=Q4-2
Added Pin To Net: NetName=GND Pin=Q5-2
Added Pin To Net: NetName=GND Pin=Q6-2
Added Pin To Net: NetName=GND Pin=Q7-2
Added Pin To Net: NetName=GND Pin=Q8-2
Added Pin To Net: NetName=GND Pin=Q9-2
Added Pin To Net: NetName=GND Pin=Q9-3
Added Pin To Net: NetName=GND Pin=Q10-2
Added Pin To Net: NetName=GND Pin=Q10-3
Added Pin To Net: NetName=GND Pin=Q11-2
Added Pin To Net: NetName=GND Pin=Q11-3
Added Pin To Net: NetName=GND Pin=Q12-2
Added Pin To Net: NetName=GND Pin=Q12-3
Added Pin To Net: NetName=GND Pin=Q13-2
Added Pin To Net: NetName=GND Pin=Q13-3
Added Pin To Net: NetName=GND Pin=Q14-2
Added Pin To Net: NetName=GND Pin=Q14-3
Added Pin To Net: NetName=GND Pin=Q15-2
Added Pin To Net: NetName=GND Pin=Q15-3
Added Pin To Net: NetName=GND Pin=Q16-2
Added Pin To Net: NetName=GND Pin=Q16-3
Added Pin To Net: NetName=GND Pin=Q17-2
Added Pin To Net: NetName=GND Pin=Q17-3
Added Pin To Net: NetName=GND Pin=Q18-2
Added Pin To Net: NetName=GND Pin=Q18-3
Added Pin To Net: NetName=GND Pin=Q19-2
Added Pin To Net: NetName=GND Pin=Q19-3
Added Pin To Net: NetName=GND Pin=Q20-2
Added Pin To Net: NetName=GND Pin=Q20-3
Added Pin To Net: NetName=GND Pin=Q21-2
Added Pin To Net: NetName=GND Pin=Q21-3
Added Pin To Net: NetName=GND Pin=Q22-2
Added Pin To Net: NetName=GND Pin=Q22-3
Added Pin To Net: NetName=GND Pin=Q23-2
Added Pin To Net: NetName=GND Pin=Q23-3
Added Pin To Net: NetName=GND Pin=Q24-2
Added Pin To Net: NetName=GND Pin=Q24-3
Added Pin To Net: NetName=GND Pin=Q25-2
Added Pin To Net: NetName=GND Pin=Q25-3
Added Pin To Net: NetName=GND Pin=Q26-2
Added Pin To Net: NetName=GND Pin=Q26-3
Added Pin To Net: NetName=GND Pin=Q27-2
Added Pin To Net: NetName=GND Pin=Q28-2
Added Pin To Net: NetName=GND Pin=Q29-2
Added Pin To Net: NetName=GND Pin=R3-2
Added Pin To Net: NetName=GND Pin=R4-1
Added Pin To Net: NetName=GND Pin=R7-1
Added Pin To Net: NetName=GND Pin=R40-2
Added Pin To Net: NetName=GND Pin=R41-2
Added Pin To Net: NetName=GND Pin=R42-2
Added Pin To Net: NetName=GND Pin=RS1-2
Added Pin To Net: NetName=GND Pin=SHT-1-2
Added Pin To Net: NetName=GND Pin=SHT-1-7
Added Pin To Net: NetName=GND Pin=SHT-1-8
Added Pin To Net: NetName=GND Pin=SHT-1-9
Added Pin To Net: NetName=GND Pin=SW1-1
Added Pin To Net: NetName=GND Pin=SW1-2
Added Pin To Net: NetName=GND Pin=SW2-1
Added Pin To Net: NetName=GND Pin=SW2-2
Added Pin To Net: NetName=GND Pin=SW2-3
Added Pin To Net: NetName=GND Pin=SW2-A
Added Pin To Net: NetName=GND Pin=SW3-1
Added Pin To Net: NetName=GND Pin=SW3-2
Added Pin To Net: NetName=GND Pin=SW3-3
Added Pin To Net: NetName=GND Pin=SW3-A
Added Pin To Net: NetName=GND Pin=SW4-1
Added Pin To Net: NetName=GND Pin=SW4-2
Added Pin To Net: NetName=GND Pin=SW4-3
Added Pin To Net: NetName=GND Pin=SW4-A
Added Pin To Net: NetName=GND Pin=SW5-1
Added Pin To Net: NetName=GND Pin=SW5-2
Added Pin To Net: NetName=GND Pin=SW5-3
Added Pin To Net: NetName=GND Pin=SW5-A
Added Pin To Net: NetName=GND Pin=SW6-1
Added Pin To Net: NetName=GND Pin=SW6-2
Added Pin To Net: NetName=GND Pin=U1-2
Added Pin To Net: NetName=GND Pin=U2-2
Added Pin To Net: NetName=GND Pin=U3-4
Added Pin To Net: NetName=GND Pin=U3-6
Added Pin To Net: NetName=GND Pin=U3-7
Added Pin To Net: NetName=GND Pin=U4-12
Added Pin To Net: NetName=GND Pin=U4-23
Added Pin To Net: NetName=GND Pin=U5-12
Added Pin To Net: NetName=GND Pin=U5-23
Added Pin To Net: NetName=GND Pin=U6-12
Added Pin To Net: NetName=GND Pin=U6-23
Added Net: Name=GND
Added Pin To Net: NetName=G Pin=D4-3
Added Pin To Net: NetName=G Pin=D5-3
Added Pin To Net: NetName=G Pin=D6-3
Added Pin To Net: NetName=G Pin=D7-3
Added Pin To Net: NetName=G Pin=D8-3
Added Pin To Net: NetName=G Pin=D9-3
Added Pin To Net: NetName=G Pin=D10-3
Added Pin To Net: NetName=G Pin=R48-2
Added Net: Name=G
Added Pin To Net: NetName=K Pin=IN-7-10
Added Pin To Net: NetName=K Pin=Q22-4
Added Net: Name=K
Added Pin To Net: NetName=LED_BLUE Pin=mcu-1-12
Added Pin To Net: NetName=LED_BLUE Pin=R39-1
Added Net: Name=LED_BLUE
Added Pin To Net: NetName=LED_GREEN Pin=mcu-1-11
Added Pin To Net: NetName=LED_GREEN Pin=R38-1
Added Net: Name=LED_GREEN
Added Pin To Net: NetName=LED_RED Pin=mcu-1-10
Added Pin To Net: NetName=LED_RED Pin=R37-1
Added Net: Name=LED_RED
Added Pin To Net: NetName=ml Pin=IN-7-6
Added Pin To Net: NetName=ml Pin=Q23-4
Added Net: Name=ml
Added Pin To Net: NetName=M Pin=IN-7-4
Added Pin To Net: NetName=M Pin=Q25-4
Added Net: Name=M
Added Pin To Net: NetName=NetC3_1 Pin=C3-1
Added Pin To Net: NetName=NetC3_1 Pin=C7-2
Added Pin To Net: NetName=NetC3_1 Pin=R1-1
Added Pin To Net: NetName=NetC3_1 Pin=R3-1
Added Pin To Net: NetName=NetC3_1 Pin=U1-4
Added Net: Name=NetC3_1
Added Pin To Net: NetName=NetC6_1 Pin=C6-1
Added Pin To Net: NetName=NetC6_1 Pin=R2-1
Added Pin To Net: NetName=NetC6_1 Pin=R4-2
Added Pin To Net: NetName=NetC6_1 Pin=U2-4
Added Net: Name=NetC6_1
Added Pin To Net: NetName=NetC11_1 Pin=C11-1
Added Pin To Net: NetName=NetC11_1 Pin=U3-5
Added Net: Name=NetC11_1
Added Pin To Net: NetName=Netcn2_2 Pin=cn2-2
Added Pin To Net: NetName=Netcn2_2 Pin=mcu-1-35
Added Net: Name=Netcn2_2
Added Pin To Net: NetName=Netcn2_3 Pin=cn2-3
Added Pin To Net: NetName=Netcn2_3 Pin=mcu-1-34
Added Net: Name=Netcn2_3
Added Pin To Net: NetName=NetD1_2 Pin=D1-2
Added Pin To Net: NetName=NetD1_2 Pin=L3-2
Added Pin To Net: NetName=NetD1_2 Pin=Q1-4
Added Net: Name=NetD1_2
Added Pin To Net: NetName=NetD2_1 Pin=D2-1
Added Pin To Net: NetName=NetD2_1 Pin=R6-2
Added Net: Name=NetD2_1
Added Pin To Net: NetName=NetD3_1 Pin=D3-1
Added Pin To Net: NetName=NetD3_1 Pin=R8-2
Added Net: Name=NetD3_1
Added Pin To Net: NetName=NetIN-1_ 1 Pin=Q2-3
Added Pin To Net: NetName=NetIN-1_ 1 Pin=IN-1-1
Added Net: Name=NetIN-1_ 1
Added Pin To Net: NetName=NetIN-2_ 1 Pin=Q3-3
Added Pin To Net: NetName=NetIN-2_ 1 Pin=IN-2-1
Added Net: Name=NetIN-2_ 1
Added Pin To Net: NetName=NetIN-3_ 1 Pin=Q4-3
Added Pin To Net: NetName=NetIN-3_ 1 Pin=IN-3-1
Added Net: Name=NetIN-3_ 1
Added Pin To Net: NetName=NetIN-4_ 1 Pin=Q5-3
Added Pin To Net: NetName=NetIN-4_ 1 Pin=IN-4-1
Added Net: Name=NetIN-4_ 1
Added Pin To Net: NetName=NetIN-5_ 1 Pin=Q6-3
Added Pin To Net: NetName=NetIN-5_ 1 Pin=IN-5-1
Added Net: Name=NetIN-5_ 1
Added Pin To Net: NetName=NetIN-6_ 1 Pin=Q7-3
Added Pin To Net: NetName=NetIN-6_ 1 Pin=IN-6-1
Added Net: Name=NetIN-6_ 1
Added Pin To Net: NetName=NetIN-7_8 Pin=IN-7-8
Added Pin To Net: NetName=NetIN-7_8 Pin=Q8-3
Added Net: Name=NetIN-7_8
Added Pin To Net: NetName=NetL1_1 Pin=L1-1
Added Pin To Net: NetName=NetL1_1 Pin=U1-5
Added Net: Name=NetL1_1
Added Pin To Net: NetName=NetL2_1 Pin=L2-1
Added Pin To Net: NetName=NetL2_1 Pin=U2-5
Added Net: Name=NetL2_1
Added Pin To Net: NetName=NetPW1_1 Pin=PW1-1
Added Pin To Net: NetName=NetPW1_1 Pin=U4-11
Added Net: Name=NetPW1_1
Added Pin To Net: NetName=NetPW1_2 Pin=PW1-2
Added Pin To Net: NetName=NetPW1_2 Pin=U4-9
Added Net: Name=NetPW1_2
Added Pin To Net: NetName=NetPW1_3 Pin=PW1-3
Added Pin To Net: NetName=NetPW1_3 Pin=U4-10
Added Net: Name=NetPW1_3
Added Pin To Net: NetName=NetPW1_4 Pin=PW1-4
Added Pin To Net: NetName=NetPW1_4 Pin=U4-8
Added Net: Name=NetPW1_4
Added Pin To Net: NetName=NetPW1_5 Pin=PW1-5
Added Pin To Net: NetName=NetPW1_5 Pin=U4-7
Added Net: Name=NetPW1_5
Added Pin To Net: NetName=NetPW1_6 Pin=PW1-6
Added Pin To Net: NetName=NetPW1_6 Pin=U4-6
Added Net: Name=NetPW1_6
Added Pin To Net: NetName=NetPW1_7 Pin=PW1-7
Added Pin To Net: NetName=NetPW1_7 Pin=U4-5
Added Net: Name=NetPW1_7
Added Pin To Net: NetName=NetPW1_8 Pin=PW1-8
Added Pin To Net: NetName=NetPW1_8 Pin=U4-4
Added Net: Name=NetPW1_8
Added Pin To Net: NetName=NetPW1_11 Pin=PW1-11
Added Pin To Net: NetName=NetPW1_11 Pin=R17-2
Added Net: Name=NetPW1_11
Added Pin To Net: NetName=NetPW1_12 Pin=PW1-12
Added Pin To Net: NetName=NetPW1_12 Pin=R16-2
Added Net: Name=NetPW1_12
Added Pin To Net: NetName=NetPW1_13 Pin=PW1-13
Added Pin To Net: NetName=NetPW1_13 Pin=R15-2
Added Net: Name=NetPW1_13
Added Pin To Net: NetName=NetPW1_14 Pin=PW1-14
Added Pin To Net: NetName=NetPW1_14 Pin=R14-2
Added Net: Name=NetPW1_14
Added Pin To Net: NetName=NetPW1_15 Pin=PW1-15
Added Pin To Net: NetName=NetPW1_15 Pin=R13-2
Added Net: Name=NetPW1_15
Added Pin To Net: NetName=NetPW1_16 Pin=PW1-16
Added Pin To Net: NetName=NetPW1_16 Pin=R12-2
Added Net: Name=NetPW1_16
Added Pin To Net: NetName=NetPW1_17 Pin=PW1-17
Added Pin To Net: NetName=NetPW1_17 Pin=R11-2
Added Net: Name=NetPW1_17
Added Pin To Net: NetName=NetPW1_18 Pin=PW1-18
Added Pin To Net: NetName=NetPW1_18 Pin=R10-2
Added Net: Name=NetPW1_18
Added Pin To Net: NetName=NetPW2_1 Pin=PW2-1
Added Pin To Net: NetName=NetPW2_1 Pin=U4-18
Added Net: Name=NetPW2_1
Added Pin To Net: NetName=NetPW2_2 Pin=PW2-2
Added Pin To Net: NetName=NetPW2_2 Pin=U4-17
Added Net: Name=NetPW2_2
Added Pin To Net: NetName=NetPW2_3 Pin=PW2-3
Added Pin To Net: NetName=NetPW2_3 Pin=U5-11
Added Net: Name=NetPW2_3
Added Pin To Net: NetName=NetPW2_4 Pin=PW2-4
Added Pin To Net: NetName=NetPW2_4 Pin=U5-9
Added Net: Name=NetPW2_4
Added Pin To Net: NetName=NetPW2_5 Pin=PW2-5
Added Pin To Net: NetName=NetPW2_5 Pin=U5-10
Added Net: Name=NetPW2_5
Added Pin To Net: NetName=NetPW2_6 Pin=PW2-6
Added Pin To Net: NetName=NetPW2_6 Pin=U5-8
Added Net: Name=NetPW2_6
Added Pin To Net: NetName=NetPW2_7 Pin=PW2-7
Added Pin To Net: NetName=NetPW2_7 Pin=U5-7
Added Net: Name=NetPW2_7
Added Pin To Net: NetName=NetPW2_8 Pin=PW2-8
Added Pin To Net: NetName=NetPW2_8 Pin=U5-6
Added Net: Name=NetPW2_8
Added Pin To Net: NetName=NetPW2_11 Pin=PW2-11
Added Pin To Net: NetName=NetPW2_11 Pin=R25-2
Added Net: Name=NetPW2_11
Added Pin To Net: NetName=NetPW2_12 Pin=PW2-12
Added Pin To Net: NetName=NetPW2_12 Pin=R24-2
Added Net: Name=NetPW2_12
Added Pin To Net: NetName=NetPW2_13 Pin=PW2-13
Added Pin To Net: NetName=NetPW2_13 Pin=R23-2
Added Net: Name=NetPW2_13
Added Pin To Net: NetName=NetPW2_14 Pin=PW2-14
Added Pin To Net: NetName=NetPW2_14 Pin=R22-2
Added Net: Name=NetPW2_14
Added Pin To Net: NetName=NetPW2_15 Pin=PW2-15
Added Pin To Net: NetName=NetPW2_15 Pin=R21-2
Added Net: Name=NetPW2_15
Added Pin To Net: NetName=NetPW2_16 Pin=PW2-16
Added Pin To Net: NetName=NetPW2_16 Pin=R20-2
Added Net: Name=NetPW2_16
Added Pin To Net: NetName=NetPW2_17 Pin=PW2-17
Added Pin To Net: NetName=NetPW2_17 Pin=R19-2
Added Net: Name=NetPW2_17
Added Pin To Net: NetName=NetPW2_18 Pin=PW2-18
Added Pin To Net: NetName=NetPW2_18 Pin=R18-2
Added Net: Name=NetPW2_18
Added Pin To Net: NetName=NetPW3_1 Pin=PW3-1
Added Pin To Net: NetName=NetPW3_1 Pin=U5-5
Added Net: Name=NetPW3_1
Added Pin To Net: NetName=NetPW3_18 Pin=PW3-18
Added Pin To Net: NetName=NetPW3_18 Pin=R26-2
Added Net: Name=NetPW3_18
Added Pin To Net: NetName=NetPW4_1 Pin=PW4-1
Added Pin To Net: NetName=NetPW4_1 Pin=U6-11
Added Net: Name=NetPW4_1
Added Pin To Net: NetName=NetPW4_2 Pin=PW4-2
Added Pin To Net: NetName=NetPW4_2 Pin=U6-9
Added Net: Name=NetPW4_2
Added Pin To Net: NetName=NetPW4_3 Pin=PW4-3
Added Pin To Net: NetName=NetPW4_3 Pin=U6-10
Added Net: Name=NetPW4_3
Added Pin To Net: NetName=NetPW4_4 Pin=PW4-4
Added Pin To Net: NetName=NetPW4_4 Pin=U6-8
Added Net: Name=NetPW4_4
Added Pin To Net: NetName=NetPW4_5 Pin=PW4-5
Added Pin To Net: NetName=NetPW4_5 Pin=U6-7
Added Net: Name=NetPW4_5
Added Pin To Net: NetName=NetPW4_6 Pin=PW4-6
Added Pin To Net: NetName=NetPW4_6 Pin=U6-6
Added Net: Name=NetPW4_6
Added Pin To Net: NetName=NetPW4_7 Pin=PW4-7
Added Pin To Net: NetName=NetPW4_7 Pin=U6-5
Added Net: Name=NetPW4_7
Added Pin To Net: NetName=NetPW4_8 Pin=PW4-8
Added Pin To Net: NetName=NetPW4_8 Pin=U6-4
Added Net: Name=NetPW4_8
Added Pin To Net: NetName=NetPW4_11 Pin=PW4-11
Added Pin To Net: NetName=NetPW4_11 Pin=R34-2
Added Net: Name=NetPW4_11
Added Pin To Net: NetName=NetPW4_12 Pin=PW4-12
Added Pin To Net: NetName=NetPW4_12 Pin=R33-2
Added Net: Name=NetPW4_12
Added Pin To Net: NetName=NetPW4_13 Pin=PW4-13
Added Pin To Net: NetName=NetPW4_13 Pin=R32-2
Added Net: Name=NetPW4_13
Added Pin To Net: NetName=NetPW4_14 Pin=PW4-14
Added Pin To Net: NetName=NetPW4_14 Pin=R31-2
Added Net: Name=NetPW4_14
Added Pin To Net: NetName=NetPW4_15 Pin=PW4-15
Added Pin To Net: NetName=NetPW4_15 Pin=R30-2
Added Net: Name=NetPW4_15
Added Pin To Net: NetName=NetPW4_16 Pin=PW4-16
Added Pin To Net: NetName=NetPW4_16 Pin=R29-2
Added Net: Name=NetPW4_16
Added Pin To Net: NetName=NetPW4_17 Pin=PW4-17
Added Pin To Net: NetName=NetPW4_17 Pin=R28-2
Added Net: Name=NetPW4_17
Added Pin To Net: NetName=NetPW4_18 Pin=PW4-18
Added Pin To Net: NetName=NetPW4_18 Pin=R27-2
Added Net: Name=NetPW4_18
Added Pin To Net: NetName=NetQ1_1 Pin=Q1-1
Added Pin To Net: NetName=NetQ1_1 Pin=U3-1
Added Net: Name=NetQ1_1
Added Pin To Net: NetName=NetQ1_3 Pin=Q1-3
Added Pin To Net: NetName=NetQ1_3 Pin=RS1-1
Added Pin To Net: NetName=NetQ1_3 Pin=U3-8
Added Net: Name=NetQ1_3
Added Pin To Net: NetName=NetQ27_1 Pin=Q27-1
Added Pin To Net: NetName=NetQ27_1 Pin=R37-2
Added Pin To Net: NetName=NetQ27_1 Pin=R40-1
Added Net: Name=NetQ27_1
Added Pin To Net: NetName=NetQ27_3 Pin=Q27-3
Added Pin To Net: NetName=NetQ27_3 Pin=R47-1
Added Net: Name=NetQ27_3
Added Pin To Net: NetName=NetQ28_1 Pin=Q28-1
Added Pin To Net: NetName=NetQ28_1 Pin=R38-2
Added Pin To Net: NetName=NetQ28_1 Pin=R41-1
Added Net: Name=NetQ28_1
Added Pin To Net: NetName=NetQ28_3 Pin=Q28-3
Added Pin To Net: NetName=NetQ28_3 Pin=R48-1
Added Net: Name=NetQ28_3
Added Pin To Net: NetName=NetQ29_1 Pin=Q29-1
Added Pin To Net: NetName=NetQ29_1 Pin=R39-2
Added Pin To Net: NetName=NetQ29_1 Pin=R42-1
Added Net: Name=NetQ29_1
Added Pin To Net: NetName=NetQ29_3 Pin=Q29-3
Added Pin To Net: NetName=NetQ29_3 Pin=R49-1
Added Net: Name=NetQ29_3
Added Pin To Net: NetName=n Pin=IN-7-11
Added Pin To Net: NetName=n Pin=Q21-4
Added Net: Name=n
Added Pin To Net: NetName=P Pin=IN-7-5
Added Pin To Net: NetName=P Pin=Q24-4
Added Net: Name=P
Added Pin To Net: NetName=R Pin=D4-4
Added Pin To Net: NetName=R Pin=D5-4
Added Pin To Net: NetName=R Pin=D6-4
Added Pin To Net: NetName=R Pin=D7-4
Added Pin To Net: NetName=R Pin=D8-4
Added Pin To Net: NetName=R Pin=D9-4
Added Pin To Net: NetName=R Pin=D10-4
Added Pin To Net: NetName=R Pin=R47-2
Added Net: Name=R
Added Pin To Net: NetName=S1 Pin=Q19-1
Added Pin To Net: NetName=S1 Pin=R27-1
Added Net: Name=S1
Added Pin To Net: NetName=S2 Pin=Q20-1
Added Pin To Net: NetName=S2 Pin=R28-1
Added Net: Name=S2
Added Pin To Net: NetName=S3 Pin=Q21-1
Added Pin To Net: NetName=S3 Pin=R29-1
Added Net: Name=S3
Added Pin To Net: NetName=S4 Pin=Q22-1
Added Pin To Net: NetName=S4 Pin=R30-1
Added Net: Name=S4
Added Pin To Net: NetName=S5 Pin=Q23-1
Added Pin To Net: NetName=S5 Pin=R31-1
Added Net: Name=S5
Added Pin To Net: NetName=S6 Pin=Q24-1
Added Pin To Net: NetName=S6 Pin=R32-1
Added Net: Name=S6
Added Pin To Net: NetName=S7 Pin=Q25-1
Added Pin To Net: NetName=S7 Pin=R33-1
Added Net: Name=S7
Added Pin To Net: NetName=S8 Pin=Q26-1
Added Pin To Net: NetName=S8 Pin=R34-1
Added Net: Name=S8
Added Pin To Net: NetName=SCL Pin=BMP-1-4
Added Pin To Net: NetName=SCL Pin=mcu-1-36
Added Pin To Net: NetName=SCL Pin=R36-2
Added Pin To Net: NetName=SCL Pin=SHT-1-4
Added Net: Name=SCL
Added Pin To Net: NetName=SDA Pin=BMP-1-3
Added Pin To Net: NetName=SDA Pin=mcu-1-37
Added Pin To Net: NetName=SDA Pin=R35-2
Added Pin To Net: NetName=SDA Pin=SHT-1-1
Added Net: Name=SDA
Added Pin To Net: NetName=SMB-1 Pin=mcu-1-28
Added Pin To Net: NetName=SMB-1 Pin=U6-2
Added Net: Name=SMB-1
Added Pin To Net: NetName=SMB-2 Pin=mcu-1-30
Added Pin To Net: NetName=SMB-2 Pin=U6-3
Added Net: Name=SMB-2
Added Pin To Net: NetName=SMB-3 Pin=mcu-1-31
Added Pin To Net: NetName=SMB-3 Pin=U6-21
Added Net: Name=SMB-3
Added Pin To Net: NetName=SMB-4 Pin=mcu-1-33
Added Pin To Net: NetName=SMB-4 Pin=U6-22
Added Net: Name=SMB-4
Added Pin To Net: NetName=u Pin=IN-7-12
Added Pin To Net: NetName=u Pin=Q20-4
Added Net: Name=u
Added Pin To Net: NetName=VCC5 Pin=C1-1
Added Pin To Net: NetName=VCC5 Pin=C4-1
Added Pin To Net: NetName=VCC5 Pin=C9-2
Added Pin To Net: NetName=VCC5 Pin=C10-1
Added Pin To Net: NetName=VCC5 Pin=C12-1
Added Pin To Net: NetName=VCC5 Pin=C16-1
Added Pin To Net: NetName=VCC5 Pin=C17-1
Added Pin To Net: NetName=VCC5 Pin=C19-1
Added Pin To Net: NetName=VCC5 Pin=CN1-1
Added Pin To Net: NetName=VCC5 Pin=D4-2
Added Pin To Net: NetName=VCC5 Pin=D5-2
Added Pin To Net: NetName=VCC5 Pin=D6-2
Added Pin To Net: NetName=VCC5 Pin=D7-2
Added Pin To Net: NetName=VCC5 Pin=D8-2
Added Pin To Net: NetName=VCC5 Pin=D9-2
Added Pin To Net: NetName=VCC5 Pin=D10-2
Added Pin To Net: NetName=VCC5 Pin=L3-1
Added Pin To Net: NetName=VCC5 Pin=PW1-9
Added Pin To Net: NetName=VCC5 Pin=PW2-9
Added Pin To Net: NetName=VCC5 Pin=PW3-9
Added Pin To Net: NetName=VCC5 Pin=PW4-9
Added Pin To Net: NetName=VCC5 Pin=U1-1
Added Pin To Net: NetName=VCC5 Pin=U1-3
Added Pin To Net: NetName=VCC5 Pin=U2-1
Added Pin To Net: NetName=VCC5 Pin=U2-3
Added Pin To Net: NetName=VCC5 Pin=U3-2
Added Pin To Net: NetName=VCC5 Pin=U4-24
Added Pin To Net: NetName=VCC5 Pin=U5-24
Added Pin To Net: NetName=VCC5 Pin=U6-24
Added Net: Name=VCC5
Added Pin To Net: NetName=VCC180 Pin=C8-1
Added Pin To Net: NetName=VCC180 Pin=D1-1
Added Pin To Net: NetName=VCC180 Pin=Q2-4
Added Pin To Net: NetName=VCC180 Pin=Q3-4
Added Pin To Net: NetName=VCC180 Pin=Q4-4
Added Pin To Net: NetName=VCC180 Pin=Q5-4
Added Pin To Net: NetName=VCC180 Pin=Q6-4
Added Pin To Net: NetName=VCC180 Pin=Q7-4
Added Pin To Net: NetName=VCC180 Pin=Q8-4
Added Pin To Net: NetName=VCC180 Pin=R5-2
Added Net: Name=VCC180
Added Pin To Net: NetName=VDD33 Pin=C2-2
Added Pin To Net: NetName=VDD33 Pin=C3-2
Added Pin To Net: NetName=VDD33 Pin=C13-1
Added Pin To Net: NetName=VDD33 Pin=C14-1
Added Pin To Net: NetName=VDD33 Pin=C18-1
Added Pin To Net: NetName=VDD33 Pin=L1-2
Added Pin To Net: NetName=VDD33 Pin=mcu-1-2
Added Pin To Net: NetName=VDD33 Pin=R1-2
Added Pin To Net: NetName=VDD33 Pin=R6-1
Added Pin To Net: NetName=VDD33 Pin=R9-2
Added Pin To Net: NetName=VDD33 Pin=R35-1
Added Pin To Net: NetName=VDD33 Pin=R36-1
Added Pin To Net: NetName=VDD33 Pin=R43-1
Added Pin To Net: NetName=VDD33 Pin=R44-1
Added Pin To Net: NetName=VDD33 Pin=R45-1
Added Pin To Net: NetName=VDD33 Pin=R46-1
Added Pin To Net: NetName=VDD33 Pin=SHT-1-5
Added Pin To Net: NetName=VDD33 Pin=U4-1
Added Pin To Net: NetName=VDD33 Pin=U5-1
Added Pin To Net: NetName=VDD33 Pin=U6-1
Added Net: Name=VDD33
Added Class: Name=Lamp
Added Class: Name=Main_Logic
Added Class: Name=Power
Added Rule: Name=Schematic Supply Nets
Added Rule: Name=Schematic Supply Nets_1
Added Rule: Name=Schematic Supply Nets_2
Added Rule: Name=Schematic Supply Nets_3
Added Rule: Name=Schematic Supply Nets_4
